filename,label
AA4795BE.jpg,AA4795BE
BH2618MA.jpg,BH2618MA
H2148BL.jpg,H2148BL
H2441WB.jpg,H2441WB
H2512AOC.jpg,H2512AOC
H2830FK.jpg,H2830FK
H3141NB.jpg,H3141NB
H3586HI.jpg,H3586HI
H3783CI2.jpg,H3783CI2
H3783CI.jpg,H3783CI
H3982DP.jpg,H3982DP
H4452AI.jpg,H4452AI
H4820EI.jpg,H4820EI
H4843AQW.jpg,H4843AQW
H4886BPE.jpg,H4886BPE
H4931CU.jpg,H4931CU
H5428CO.jpg,H5428CO
H5641QL.jpg,H5641QL
H5771OC.jpg,H5771OC
H5806LV.jpg,H5806LV
H5997DC.jpg,H5997DC
H6008EL.jpg,H6008EL
H6187KV.jpg,H6187KV
H6209HL.jpg,H6209HL
H6680OC.jpg,H6680OC
H6756QI.jpg,H6756QI
H6871BC.jpg,H6871BC
H6877UC.jpg,H6877UC
H9693HC.jpg,H9693HC
H9803HC2.jpg,H9803HC2
H9803HC.jpg,H9803HC
K3293PR.jpg,K3293PR
H6710UB.jpg,6710UB
AA4103KN.jpg,AA4103KN
AA5045YN.jpg,AA5045YN
AA5163XG.jpg,AA5163XG
AA5356WT.jpg,AA5356WT
AB2665YX.jpg,AB2665YX
AB4622F0.jpg,AB4622F0
AB4848DH.jpg,AB4848DH
AB5896WX.jpg,AB5896WX
AB6628YJ.jpg,AB6628YJ
AD2025RU.jpg,AD2025RU
AD2801BV.jpg,AD2801BV
AD2832NW.jpg,AD2832NW
AD3324IT.jpg,AD3324IT
AD3775LW.jpg,AD3775LW
AD4077DH.jpg,AD4077DH
AD4247IW.jpg,AD4247IW
AD4669AW.jpg,AD4669AW
AD5823BAD.jpg,AD5823BAD
AD6263AP.jpg,AD6263AP
AD6394ASD.jpg,AD6394ASD
AD6530AID.jpg,AD6530AID
AD6535OV.jpg,AD6535OV
AD6643ALD.jpg,AD6643ALD
AD6899K.jpg,AD6899K
B3484EUF.jpg,B3484EUF
B3670KLA.jpg,B3670KLA
B3974FXL.jpg,B3974FXL
B4931FMZ.jpg,B4931FMZ
B5791TKR.jpg,B5791TKR
B5957BGO.jpg,B5957BGO
B6423GLC.jpg,B6423GLC
BE3400GJ.jpg,BE3400GJ
BK3899DQ.jpg,BK3899DQ
BM5332HM.jpg,BM5332HM
DH3138KT.jpg,DH3138KT
E5303HL.jpg,E5303HL
G3540DV.jpg,G3540DV
G3779AJF.jpg,G3779AJF
G4327BV.jpg,G4327BV
G5071YV.jpg,G5071YV
H2019WB.jpg,H2019WB
H2031EM.jpg,H2031EM
H2049RK.jpg,H2049RK
H2057MK.jpg,H2057MK
H2062AHC.jpg,H2062AHC
H2088QB.jpg,H2088QB
H2089RK.jpg,H2089RK
H2113LK.jpg,H2113LK
H2169QB.jpg,H2169QB
H2180LK.jpg,H2180LK
H2207K.jpg,H2207K
H2218CK.jpg,H2218CK
H2246HI.jpg,H2246HI
H2251RB.jpg,H2251RB
H2254LK.jpg,H2254LK
H2276FI.jpg,H2276FI
H2296SB.jpg,H2296SB
H2306AK.jpg,H2306AK
H2325PI.jpg,H2325PI
H2334TH.jpg,H2334TH
H2359SV.jpg,H2359SV
H2380BK.jpg,H2380BK
H2392AUC.jpg,H2392AUC
H2403RK.jpg,H2403RK
H2447ALC.jpg,H2447ALC
H2448UB.jpg,H2448UB
H2449UB.jpg,H2449UB
H2462FK.jpg,H2462FK
H2474VB.jpg,H2474VB
H2513WB.jpg,H2513WB
H2517AJC.jpg,H2517AJC
H2518QK.jpg,H2518QK
H2562AKC.jpg,H2562AKC
H2564DK.jpg,H2564DK
H2575AK.jpg,H2575AK
H2591WL.jpg,H2591WL
H2659MK.jpg,H2659MK
H2685II.jpg,H2685II
H2698WI.jpg,H2698WI
H2704SL.jpg,H2704SL
H2706BK.jpg,H2706BK
H2736SV.jpg,H2736SV
H2760AEW.jpg,H2760AEW
H2869QK.jpg,H2869QK
H2879PB.jpg,H2879PB
H2913NC.jpg,H2913NC
H2947AKC.jpg,H2947AKC
H2957VB.jpg,H2957VB
H2964BK.jpg,H2964BK
H2980AF.jpg,H2980AF
H3041NV.jpg,H3041NV
H3053QJ.jpg,H3053QJ
H3068PL.jpg,H3068PL
H3069PK.jpg,H3069PK
H3072NK.jpg,H3072NK
H3084HK.jpg,H3084HK
H3137RI.jpg,H3137RI
H3138BK.jpg,H3138BK
H3160RK.jpg,H3160RK
H3163AOW.jpg,H3163AOW
H3169WI.jpg,H3169WI
H3188KK.jpg,H3188KK
H3219AJC.jpg,H3219AJC
H3239QK.jpg,H3239QK
H3253CK.jpg,H3253CK
H3263AK.jpg,H3263AK
H3282KK.jpg,H3282KK
H3285CV.jpg,H3285CV
H3294ANC.jpg,H3294ANC
H3320FK.jpg,H3320FK
H3326QK.jpg,H3326QK
H3367YB.jpg,H3367YB
H3372VC.jpg,H3372VC
H3407EK.jpg,H3407EK
H3424WC.jpg,H3424WC
H3442YL.jpg,H3442YL
H3455PV.jpg,H3455PV
H3466MJ.jpg,H3466MJ
H3471AXC.jpg,H3471AXC
H3473KB.jpg,H3473KB
H3481UB.jpg,H3481UB
H3499KL.jpg,H3499KL
H3520BLG.jpg,H3520BLG
H3526AG.jpg,H3526AG
H3527HC.jpg,H3527HC
H3531FB.jpg,H3531FB
H3590EK.jpg,H3590EK
H3590RN.jpg,H3590RN
H3673DI.jpg,H3673DI
H3677FB.jpg,H3677FB
H3716UB.jpg,H3716UB
H3721YB.jpg,H3721YB
H3764ZB.jpg,H3764ZB
H3786GC.jpg,H3786GC
H3828HB.jpg,H3828HB
H3871SV.jpg,H3871SV
H3882HK.jpg,H3882HK
H3919JK.jpg,H3919JK
H3944GK.jpg,H3944GK
H3979JA.jpg,H3979JA
H4056II.jpg,H4056II
H4063MB.jpg,H4063MB
H4079UB.jpg,H4079UB
H4086NK.jpg,H4086NK
H4096GK.jpg,H4096GK
H4127YB.jpg,H4127YB
H4156K.jpg,H4156K
H4157K.jpg,H4157K
H4168YB.jpg,H4168YB
H4205DI.jpg,H4205DI
H4231SI.jpg,H4231SI
H4261APE.jpg,H4261APE
H4264RK.jpg,H4264RK
H4311BI.jpg,H4311BI
H4419YI.jpg,H4419YI
H4481AFW.jpg,H4481AFW
H4509UB.jpg,H4509UB
H4566VF.jpg,H4566VF
H4577KZ.jpg,H4577KZ
H4582VP.jpg,H4582VP
H4610ADC.jpg,H4610ADC
H4631KV.jpg,H4631KV
H4631LK.jpg,H4631LK
H4635EV.jpg,H4635EV
H4637ANC.jpg,H4637ANC
H4652QK.jpg,H4652QK
H4662AHC.jpg,H4662AHC
H4701ABC.jpg,H4701ABC
H4738DK.jpg,H4738DK
H4768YB.jpg,H4768YB
H4783FI.jpg,H4783FI
H4807IL.jpg,H4807IL
H4820PB.jpg,H4820PB
H4857ANC.jpg,H4857ANC
H4879SG.jpg,H4879SG
H4919GK.jpg,H4919GK
H4923LK.jpg,H4923LK
H4941ASC.jpg,H4941ASC
H4941HV.jpg,H4941HV
H4942JB.jpg,H4942JB
H4942RK.jpg,H4942RK
H4986UB.jpg,H4986UB
H4998OB.jpg,H4998OB
H5031DK.jpg,H5031DK
H50503YB.jpg,H50503YB
H5052QK.jpg,H5052QK
H5054BI.jpg,H5054BI
H5059RH.jpg,H5059RH
H5067FK.jpg,H5067FK
H5092AS.jpg,H5092AS
H5139KK.jpg,H5139KK
H5159KK.jpg,H5159KK
H5176BK.jpg,H5176BK
H5178KK.jpg,H5178KK
H5195BLG.jpg,H5195BLG
H5197NK.jpg,H5197NK
H5242IL.jpg,H5242IL
H5249TI.jpg,H5249TI
H5256GI.jpg,H5256GI
H5258LK.jpg,H5258LK
H5279GK.jpg,H5279GK
H5288MQ.jpg,H5288MQ
H5293LK.jpg,H5293LK
H5302JB.jpg,H5302JB
H5316JK.jpg,H5316JK
H5357KK.jpg,H5357KK
H5375JB.jpg,H5375JB
H5379GK.jpg,H5379GK
H5396FK.jpg,H5396FK
H5413II.jpg,H5413II
H5442EA.jpg,H5442EA
H5447TV.jpg,H5447TV
H5448MK.jpg,H5448MK
H5451JV.jpg,H5451JV
H5452JV.jpg,H5452JV
H5457UB.jpg,H5457UB
H5478MK.jpg,H5478MK
H5492RC.jpg,H5492RC
H5498QC.jpg,H5498QC
H5508ACC.jpg,H5508ACC
H5529MI.jpg,H5529MI
H5602CV.jpg,H5602CV
H5606CI.jpg,H5606CI
H5642ADC.jpg,H5642ADC
H56710L.jpg,H56710L
H5683PK.jpg,H5683PK
H5686II.jpg,H5686II
H5690BB.jpg,H5690BB
H5704QK.jpg,H5704QK
H5708UF.jpg,H5708UF
H57200C.jpg,H57200C
H5735VB.jpg,H5735VB
H5745FK.jpg,H5745FK
H5752TB.jpg,H5752TB
H5771QC.jpg,H5771QC
H5778QB.jpg,H5778QB
H5796GC.jpg,H5796GC
H5824JK.jpg,H5824JK
H5825AHC.jpg,H5825AHC
H5851AJC.jpg,H5851AJC
H5856FZ.jpg,H5856FZ
H5907II.jpg,H5907II
H5953NK.jpg,H5953NK
H5968PB.jpg,H5968PB
H5977KL.jpg,H5977KL
H5980JK.jpg,H5980JK
H5991YB.jpg,H5991YB
H5998FB.jpg,H5998FB
H6016PK.jpg,H6016PK
H6017BC.jpg,H6017BC
H6021SB.jpg,H6021SB
H6029QK.jpg,H6029QK
H6069AVG.jpg,H6069AVG
H6106JK.jpg,H6106JK
H6110YD.jpg,H6110YD
H6122AGG.jpg,H6122AGG
H6132YB.jpg,H6132YB
H6136VL.jpg,H6136VL
H6147PV.jpg,H6147PV
H6152YI.jpg,H6152YI
H6159DK.jpg,H6159DK
H6170QK.jpg,H6170QK
H6199BU.jpg,H6199BU
H62180B.jpg,H62180B
H6233QB.jpg,H6233QB
H6240AKC.jpg,H6240AKC
H6240KK.jpg,H6240KK
H6249NB.jpg,H6249NB
H6256AWC.jpg,H6256AWC
H6256QK.jpg,H6256QK
H6270AI.jpg,H6270AI
H6272MB.jpg,H6272MB
H6379DK.jpg,H6379DK
H6399ANC.jpg,H6399ANC
H6414TB.jpg,H6414TB
H6426ALC.jpg,H6426ALC
H6484HL.jpg,H6484HL
H6496GK.jpg,H6496GK
H6524AK.jpg,H6524AK
H6542JI.jpg,H6542JI
H6567AK.jpg,H6567AK
H6572FC.jpg,H6572FC
H6583AFC.jpg,H6583AFC
H6602HK.jpg,H6602HK
H6629CV.jpg,H6629CV
H6629NB.jpg,H6629NB
H6648KK.jpg,H6648KK
H6656UB.jpg,H6656UB
H6713AAC.jpg,H6713AAC
H6725EK.jpg,H6725EK
H6726MK.jpg,H6726MK
H6774KI.jpg,H6774KI
H6792DK.jpg,H6792DK
H6805VB.jpg,H6805VB
H68140C.jpg,H68140C
H6823DK.jpg,H6823DK
H6829PK.jpg,H6829PK
H6832CV.jpg,H6832CV
H6860ZB.jpg,H6860ZB
H6875PK.jpg,H6875PK
H6890AEC.jpg,H6890AEC
H6912QK.jpg,H6912QK
H6922JB.jpg,H6922JB
H6925UL.jpg,H6925UL
H6943LV.jpg,H6943LV
H6954DK.jpg,H6954DK
H6956NB.jpg,H6956NB
H6998ZL.jpg,H6998ZL
K2303AHB.jpg,K2303AHB
K2344JU.jpg,K2344JU
K2771KZ.jpg,K2771KZ
K3934AUC.jpg,K3934AUC
K4997XC.jpg,K4997XC
K5347QR.jpg,K5347QR
K5661FZ.jpg,K5661FZ
K6263IS.jpg,K6263IS
KB2063LK.jpg,KB2063LK
KH3227SH.jpg,KH3227SH
KT5498LP.jpg,KT5498LP
R5835IF.jpg,R5835IF
R6637MP.jpg,R6637MP
S4073JB0.jpg,S4073JB0
S4136SI.jpg,S4136SI
T6277CH.jpg,T6277CH
W4324NCH.jpg,W4324NCH
AA4795BE_jpg.rf.9539a213fbd1cd7fc592949c106f8628.jpg,AA4795BE
AA5045YN_jpg.rf.cd634f53acf53b79e6c6c63b0bb48ab8.jpg,AA5045YN
AA5163XG_jpg.rf.3de153a184f6af379824aafe7d32db49.jpg,AA5163XG
AA5356WT_jpg.rf.2e98d5daab484272afc8d02678da9a1a.jpg,AA5356WT
AB4622F0_jpg.rf.6edbe35e5d50f70d1f854b13e2eff099.jpg,AB4622F0
AB4848DH_jpg.rf.df15ff2680f91e41e48ea4b665bb4f60.jpg,AB4848DH
AB6628YJ_jpg.rf.f7f11fde350e0035ca7c8d8deaf4165f.jpg,AB6628YJ
AD2025RU_jpg.rf.4e161a2f2ec7ec13967fbcfbe713b301.jpg,AD2025RU
AD2832NW_jpg.rf.158af9a5f03dd723020cd73a16f5d4a1.jpg,AD2832NW
AD3324IT_jpg.rf.8f6ca1a8defdaa0dd05ec745993304ac.jpg,AD3324IT
AD3775LW_jpg.rf.65706aabc2c6bc1fabf391f901ceaf6e.jpg,AD3775LW
AD4077DH_jpg.rf.1f62106622e9171a2719906c931d7a00.jpg,AD4077DH
AD6263AP_jpg.rf.4883b6e733305cc8b0d59370f552a33f.jpg,AD6263AP
AD6394ASD_jpg.rf.3f0ba792212b323a596bb21cf2314cdc.jpg,AD6394ASD
AD6530AID_jpg.rf.0d3d68a7c99b1b48bf295788550a5989.jpg,AD6530AID
AD6535OV_jpg.rf.facfea27dcace396f8302fe43d3a487a.jpg,AD6535OV
AD6643ALD_jpg.rf.23e318b03bffa355e512b7445fab284a.jpg,AD6643ALD
AD6899K_jpg.rf.7ed95b0d0d341f3479f8497193e7c456.jpg,AD6899K
B3484EUF_jpg.rf.c716deb709548d2601ab2bfdf8650558.jpg,B3484EUF
B3670KLA_jpg.rf.26b27ddecab2825c015b0852fe559811.jpg,B3670KLA
B5791TKR_jpg.rf.b96ac9c07eb8dd244cd083aa09d17176.jpg,B5791TKR
B5957BGO_jpg.rf.a19bf3c8f508be9417ca396b9f18debe.jpg,B5957BGO
B6423GLC_jpg.rf.3b51e3c4619d84688a3e121ae0017407.jpg,B6423GLC
BE3400GJ_jpg.rf.5d872e15d0599ec149882421bcf8ef54.jpg,BE3400GJ
BK3899DQ_jpg.rf.e7be7a301fe8f8305de48ca0e7fd7dc7.jpg,BK3899DQ
DH3138KT_jpg.rf.eb48342050e84ae68ad3e5f35a1e8134.jpg,DH3138KT
G3540DV_jpg.rf.0cb9638d457d69ffd4e5319808e3c286.jpg,G3540DV
G3779AJF_jpg.rf.27a7babe96196c73af65fb13770b67ef.jpg,G3779AJF
G4327BV_jpg.rf.66bd7d1e6fd5af16b68fad9de5f461b8.jpg,G4327BV
G5071YV_jpg.rf.76e5bde23ed092a294fb163cd9460ca7.jpg,G5071YV
H2031EM_jpg.rf.eee54aeeccafc201d87bdfb4c7e46528.jpg,H2031EM
H2049RK_jpg.rf.f64232aa288e512226767383dee21a10.jpg,H2049RK
H2057MK_jpg.rf.1aa9fa172bf17f9300983378e2074490.jpg,H2057MK
H2088QB_jpg.rf.d7151e39142c689e6f2a59fc8838932b.jpg,H2088QB
H2148BL_jpg.rf.50d0db6db3d83920dcfa04efdb9ad829.jpg,H2148BL
H2169QB_jpg.rf.0c9fd7e192326820f7ef7b7a5d7ffc6a.jpg,H2169QB
H2207K_jpg.rf.90775ebd9628870a65a90c84463b2dd3.jpg,H2207K
H2218CK_jpg.rf.1e50f14efe1211a549267fbfb64d3d10.jpg,H2218CK
H2246HI_jpg.rf.5340663bc879d80fdbca490cecbd1bba.jpg,H2246HI
H2251RB_jpg.rf.d6df6b98e87dc2c61f3052fdd58e6d71.jpg,H2251RB
H2254LK_jpg.rf.e0b0964e3a492ce4e310502dba1563db.jpg,H2254LK
H2276FI_jpg.rf.d42d132817b47949d60dcc4889a686c2.jpg,H2276FI
H2296SB_jpg.rf.283bee551813bcdabd23e3efcedb64af.jpg,H2296SB
H2306AK_jpg.rf.15ccfc78be2704cf57841fe45a6cdb41.jpg,H2306AK
H2392AUC_jpg.rf.a177cffe95f1d9aeaf57190fab2260c3.jpg,H2392AUC
H2403RK_jpg.rf.0487d3965d7b25c1510681c834c49ba2.jpg,H2403RK
H2447ALC_jpg.rf.6970b3a349067d806e4679110497dfdb.jpg,H2447ALC
H2448UB_jpg.rf.3dde90d173113bf0a1ac2c0d95351c18.jpg,H2448UB
H2449UB_jpg.rf.8fd8d91ab61428f23639acce4cea6d42.jpg,H2449UB
H2462FK_jpg.rf.10bb755ff7f938ad6913d7fa84803023.jpg,H2462FK
H2474VB_jpg.rf.4f9fe0878185851d2bec123efeb98b03.jpg,H2474VB
H2512AOC_jpg.rf.0c9efc51183f119583a57189cb71df10.jpg,H2512AOC
H2513WB_jpg.rf.ec74bd37e25eddc42a990d290e6a3629.jpg,H2513WB
H2518QK_jpg.rf.eb9835e300d614a544b70cdbcb110865.jpg,H2518QK
H2562AKC_jpg.rf.1eac4be887cff1b2c4d3b947ebdc1c33.jpg,H2562AKC
H2564DK_jpg.rf.ccdd4f09849a6b2801b239698f12580b.jpg,H2564DK
H2575AK_jpg.rf.cfd9307656e1c33d52ed44c26e8503ad.jpg,H2575AK
H2591WL_jpg.rf.e59cbf6b9775a76d25af9bac0cb8624b.jpg,H2591WL
H2659MK_jpg.rf.1d8e24def12547f9ada1d03eaa7c16f7.jpg,H2659MK
H2685II_jpg.rf.5f2dfe6fa48914ab36ebabb387c92d9d.jpg,H2685II
H2698WI_jpg.rf.19a60e77e6b4f2139324204e00cddaac.jpg,H2698WI
H2704SL_jpg.rf.f17de6115f8dace316516b4272d92117.jpg,H2704SL
H2706BK_jpg.rf.d024d785e766fce5f113877636a2fa1c.jpg,H2706BK
H2760AEW_jpg.rf.15a106ed75136996251ea3c4a5125b1f.jpg,H2760AEW
H2869QK_jpg.rf.f556a394d0c3dcc3c73adc4c9631eef0.jpg,H2869QK
H2879PB_jpg.rf.b4a0a91987a68003fff7c5f6a3626ef5.jpg,H2879PB
H2913NC_jpg.rf.e187325a3fb13235b2d62d63480859ee.jpg,H2913NC
H2947AKC_jpg.rf.870f64c336c2b0dc213f73e92dd349d2.jpg,H2947AKC
H2957VB_jpg.rf.fa3cdcc4c3b1a8f122824150dc6025e6.jpg,H2957VB
H2964BK_jpg.rf.7567cd0832d5c49be5e5063ef6347f67.jpg,H2964BK
H2980AF_jpg.rf.755ab46018cbd360230a8858e72ac92f.jpg,H2980AF
H3053QJ_jpg.rf.84d4e99929f1c8d88a62a3c357849a18.jpg,H3053QJ
H3068PL_jpg.rf.46ea65dc440372c69702acec5042b21c.jpg,H3068PL
H3069PK_jpg.rf.f95665764f636916abd05b171c2942b5.jpg,H3069PK
H3072NK_jpg.rf.dcdfd54d5e24ac9b5649b8f5924c7898.jpg,H3072NK
H3084HK_jpg.rf.a042417b71526b428a371a0cd42ceb5e.jpg,H3084HK
H3138BK_jpg.rf.a5426912c267ef3a24cbb956bcc35543.jpg,H3138BK
H3160RK_jpg.rf.dbf2a9fe1ef25296617974d8f3e76923.jpg,H3160RK
H3163AOW_jpg.rf.dae176a7570f5808e3b14c98d2b79002.jpg,H3163AOW
H3169WI_jpg.rf.836197f2b876d51f1d93d7306bc25722.jpg,H3169WI
H3188KK_jpg.rf.28a961ab77a13d26872e901577b44e8a.jpg,H3188KK
H3219AJC_jpg.rf.40f674a28a9e8443eaf3e5d05c036f0c.jpg,H3219AJC
H3239QK_jpg.rf.f692eb4ca435ae2d5a5664fd7e6c72c3.jpg,H3239QK
H3253CK_jpg.rf.2350b8239479bc1ec33955f4b9080b99.jpg,H3253CK
H3263AK_jpg.rf.b5429a65c72c6f5d99916e9207b6f298.jpg,H3263AK
H3282KK_jpg.rf.8ee633e66ee6fb88c9df9661b8ce06dd.jpg,H3282KK
H3294ANC_jpg.rf.4bfc6f1de78fa271c5f87f9c4b390c79.jpg,H3294ANC
H3320FK_jpg.rf.67df184c353bfc07d5f39278e4e905f4.jpg,H3320FK
H3326QK_jpg.rf.2e56f63d840296a565a7e65127e80190.jpg,H3326QK
H3407EK_jpg.rf.02f72a1012eb6cc50c4583a7de1b10af.jpg,H3407EK
H3424WC_jpg.rf.65ffe3db7d0e21a25686616d34168e21.jpg,H3424WC
H3442YL_jpg.rf.32812f2cd194fc97cff022244199abea.jpg,H3442YL
H3473KB_jpg.rf.90bfbcfe8251d21cf3cf151e257e457c.jpg,H3473KB
H3499KL_jpg.rf.36415cd5034c53b6ef961a71607e1a0b.jpg,H3499KL
H3526AG_jpg.rf.23bb8b51f217777771de4c4861949d36.jpg,H3526AG
H3527HC_jpg.rf.f8e2358a0c5979f6937be45dbfb5c9ac.jpg,H3527HC
H3531FB_jpg.rf.9a71a1a0e4b4605ba10da0204c87193a.jpg,H3531FB
H3590EK_jpg.rf.b2341b7c5a6cfa9a1437a1b6c9c002f0.jpg,H3590EK
H3590RN_jpg.rf.83e9539444ea5830788112c1d0646e9e.jpg,H3590RN
H3677FB_jpg.rf.76c3e5185ae792856d81970acceba918.jpg,H3677FB
H3716UB_jpg.rf.5069b10c6b8b67d06e812502b88d4e6c.jpg,H3716UB
H3764ZB_jpg.rf.1a77bd6300ec6f1b80dfdc322d42e68b.jpg,H3764ZB
H3783CI_jpg.rf.646549c0a2d4a3920ab219d6fa960e62.jpg,H3783CI
H3786GC_jpg.rf.c564be3de093c650bb56c61809a79079.jpg,H3786GC
H3828HB_jpg.rf.246c7db43803960d0b9a152cd1e69d48.jpg,H3828HB
H3871SV_jpg.rf.0ab8af7bef99c927702e74b4871f6e17.jpg,H3871SV
H3944GK_jpg.rf.d971e7aac3fd2551021e51e7a61a0ecf.jpg,H3944GK
H3979JA_jpg.rf.5d94f4cc145d1879c11d61c1612398e7.jpg,H3979JA
H3982DP_jpg.rf.94bc7b7b6a365a89c736506b2e12517a.jpg,H3982DP
H4056II_jpg.rf.725227ec335bae22b4bac426ee0f1d3f.jpg,H4056II
H4063MB_jpg.rf.7eccc184d8d59032d75256ddf34cb1a0.jpg,H4063MB
H4079UB_jpg.rf.04fe6e0d623aa8979603f1d83f8e5bc0.jpg,H4079UB
H4086NK_jpg.rf.5580faac2fcf96b35a751459511fd367.jpg,H4086NK
H4156K_jpg.rf.4247e66bce360aa251ef60750443b547.jpg,H4156K
H4157K_jpg.rf.412e4adc2b62d451c446643535b6d186.jpg,H4157K
H4231SI_jpg.rf.e8e7dffaa23112d221891e310a65d3da.jpg,H4231SI
H4261APE_jpg.rf.057f4853dd832ce7987f65d71ccbe1c2.jpg,H4261APE
H4264RK_jpg.rf.3a27db7cdae9ae4c5f6ea7a72b9eb175.jpg,H4264RK
H4566VF_jpg.rf.e7cc64f59d0718333c24228bb4646add.jpg,H4566VF
H4577KZ_jpg.rf.146396bb4d1d390cbdd7fa4885465a48.jpg,H4577KZ
H4582VP_jpg.rf.3292f543b3d6e104bf67ab8dcd1a1a21.jpg,H4582VP
H4610ADC_jpg.rf.8232ce8579ead8698907bc339d252fe3.jpg,H4610ADC
H4631KV_jpg.rf.5739780dcfc9d9a90c92cdd1fa84ebc5.jpg,H4631KV
H4631LK_jpg.rf.9216ac62b5b9629c75791a088fc2da20.jpg,H4631LK
H4635EV_jpg.rf.877591ec90917cfb5a7218b9e02de3d2.jpg,H4635EV
H4637ANC_jpg.rf.50369a40c7e6bcf55db98d200a7b1e67.jpg,H4637ANC
H4662AHC_jpg.rf.45ab323c53f23f3e489a09938051ef5b.jpg,H4662AHC
H4701ABC_jpg.rf.a5ba8876ed4fd2b34c6d4258c518c1a2.jpg,H4701ABC
H4768YB_jpg.rf.06bc38a96475b4c6913e751364529672.jpg,H4768YB
H4807IL_jpg.rf.8234156620786d2b3c0f0b795a934a75.jpg,H4807IL
H4820PB_jpg.rf.590adb33f423fc0e2f1005c44a6aebee.jpg,H4820PB
H4843AQW_jpg.rf.b72d7ccc96f261f39f7be914ff9adc89.jpg,H4843AQW
H4857ANC_jpg.rf.e59f0d782d1e2a63eeeb526db846f724.jpg,H4857ANC
H4879SG_jpg.rf.3af9bb2d5ebb6daaa8d07b065df4acda.jpg,H4879SG
H4886BPE_jpg.rf.528cd6c6d2185f6e7055211ff05c6acd.jpg,H4886BPE
H4923LK_jpg.rf.c057a726ae189a32f7c963060ab989d4.jpg,H4923LK
H4931CU_jpg.rf.8979d221a802f2f0f9284ad53cd766e2.jpg,H4931CU
H4942JB_jpg.rf.61998f9e7bf0457871bfc3b09b5ade5d.jpg,H4942JB
H4942RK_jpg.rf.51101307b4270f647961bf85fe4044ce.jpg,H4942RK
H4986UB_jpg.rf.48399d9b4bcc14d3d53c15d25ed9c4a3.jpg,H4986UB
H4998OB_jpg.rf.f6fe4a1ddb3dda73214cc548c8df2002.jpg,H4998OB
H5031DK_jpg.rf.bd38c482307c0b5245e5115fcf78d79e.jpg,H5031DK
H50503YB_jpg.rf.c90b31482cff5165a25e66af712f2df7.jpg,H50503YB
H5052QK_jpg.rf.1b641f6d274fd38be6ce9d45c8871e62.jpg,H5052QK
H5092AS_jpg.rf.68482bd526f7f2f348f65f9dfc6d2b67.jpg,H5092AS
H5139KK_jpg.rf.429c780b4f25e68633b09fa0caaab265.jpg,H5139KK
H5176BK_jpg.rf.8c8319fe12069d33471b2f8dec5f0a31.jpg,H5176BK
H5195BLG_jpg.rf.83f1f4e58ed534e81569de555651b01a.jpg,H5195BLG
H5197NK_jpg.rf.1fe71439abf0b11c830534d180a483c6.jpg,H5197NK
H5242IL_jpg.rf.5b418fe46ca4c2fe29a8f4d3946076c5.jpg,H5242IL
H5249TI_jpg.rf.0a28e361d8a4433a212fba15efcd5dbb.jpg,H5249TI
H5258LK_jpg.rf.536562d6b5ff8f1cb6cb523d56df9227.jpg,H5258LK
H5279GK_jpg.rf.b75d9fea357a01cb736bd16f2917c7cd.jpg,H5279GK
H5293LK_jpg.rf.b71f441e6f22d6071f519ff62e300c57.jpg,H5293LK
H5302JB_jpg.rf.ae17d47d31368d2e05d35a1bc2004f8e.jpg,H5302JB
H5316JK_jpg.rf.8e4e54eee46284fcf241cc14d20dd39e.jpg,H5316JK
H5396FK_jpg.rf.93f8085d17d963f24af05f23245544b2.jpg,H5396FK
H5413II_jpg.rf.b0d4fc4b3673c71abc0ca38e705215c9.jpg,H5413II
H5447TV_jpg.rf.22dbce78ff84500c8666951d0df4421e.jpg,H5447TV
H5448MK_jpg.rf.9c59ea70e827d50639a5a98549d225fb.jpg,H5448MK
H5451JV_jpg.rf.393a5ec93d922512c07bb5a80386619b.jpg,H5451JV
H5457UB_jpg.rf.4b02423120f29c275ec62aeded746209.jpg,H5457UB
H5492RC_jpg.rf.69ad393fdbddb7b677a662761ff09362.jpg,H5492RC
H5498QC_jpg.rf.185820898ba9e35d02752746d99c3832.jpg,H5498QC
H5602CV_jpg.rf.503b538ced7210183a0cbda3dd6dd313.jpg,H5602CV
H5606CI_jpg.rf.96c917f9587318cebffc41d341e17da5.jpg,H5606CI
H5642ADC_jpg.rf.a13562d560afb1ec1503d47430e4ab90.jpg,H5642ADC
H56710L_jpg.rf.23eb694ac5a6c9fb2aa2591cf046aede.jpg,H56710L
H5683PK_jpg.rf.7cc686273544fbe3b78e7e74a2c67fbd.jpg,H5683PK
H5690BB_jpg.rf.58eecff2e46faf97c787d66a908959cc.jpg,H5690BB
H5704QK_jpg.rf.4cedf413c6effcc902b08fb20e953d4a.jpg,H5704QK
H5708UF_jpg.rf.ce16fc2736abaa910da72ce7ea30289f.jpg,H5708UF
H5735VB_jpg.rf.16785d68cec66ae6c4592e56ea2bda34.jpg,H5735VB
H5745FK_jpg.rf.893115b1160def739d387b0470b5aa3c.jpg,H5745FK
H5752TB_jpg.rf.6bae8005c4c0d02bb95dfab6f525ed81.jpg,H5752TB
H5771OC_jpg.rf.9cae7d3b3201303035765cc8f1f1690e.jpg,H5771OC
H5778QB_jpg.rf.32dd4bce983a48cfb05ee307df62f37d.jpg,H5778QB
H5806LV_jpg.rf.6e33ef23e053ae62e9a9e4583160cb5a.jpg,H5806LV
H5825AHC_jpg.rf.cf355f327a99c12e89a2b3994bbdf848.jpg,H5825AHC
H5851AJC_jpg.rf.67f434f85dc0eca05d7e8a9c01120a35.jpg,H5851AJC
H5856FZ_jpg.rf.0ec4a3d7b0dc551be0aa0eca56a72f64.jpg,H5856FZ
H5907II_jpg.rf.018654f869b61ac1f515892044f0cc28.jpg,H5907II
H5968PB_jpg.rf.8ec37a3fb00e18f45662aa8fa5d8e145.jpg,H5968PB
H5977KL_jpg.rf.7713f9ddf37159cde0d52814a580dbb5.jpg,H5977KL
H5980JK_jpg.rf.3ba0e56e891de908ccc9fceb2f9cae3d.jpg,H5980JK
H5991YB_jpg.rf.d94b9b213bfeec5f53f2f6d9bb8c0b5f.jpg,H5991YB
H5997DC_jpg.rf.6887e767a5d586cd5f1cdd6e29e351f6.jpg,H5997DC
H5998FB_jpg.rf.4cd85b6efe757f0d32273c196a76f003.jpg,H5998FB
H6008EL_jpg.rf.cc633cec5b0b18417b8fdac703006b7d.jpg,H6008EL
H6016PK_jpg.rf.b69e729852255a76f9960fcec0ed22b5.jpg,H6016PK
H6017BC_jpg.rf.4fb588274c5ebde3e4ef72755341145d.jpg,H6017BC
H6021SB_jpg.rf.d4c58156593f2c71d56d775e8357e040.jpg,H6021SB
H6029QK_jpg.rf.722c0f28ba438d3879266dffcf16c2e4.jpg,H6029QK
H6069AVG_jpg.rf.af3ba6491464e3dc20281ea9504aaf03.jpg,H6069AVG
H6106JK_jpg.rf.dc24da45d34db9354c79d9ecdff108b5.jpg,H6106JK
H6110YD_jpg.rf.b89f39f0cba393323ec2b66cbaf238e4.jpg,H6110YD
H6122AGG_jpg.rf.8919e81f1d7b9704d147ae668d0f29d3.jpg,H6122AGG
H6136VL_jpg.rf.73042f5d9d634aa3653577d4a2570662.jpg,H6136VL
H6147PV_jpg.rf.572586de864473d9b885effd8a2a85e9.jpg,H6147PV
H6159DK_jpg.rf.a25d3667579e4d925fc84918d597ff08.jpg,H6159DK
H6170QK_jpg.rf.e652db20bfaf63fe8c282e3a264b843f.jpg,H6170QK
H6187KV_jpg.rf.fea3e68fb6b1a7fa50786bf1d74d23a5.jpg,H6187KV
H6199BU_jpg.rf.43d31a5a29aa3769fa4d5077662f94ca.jpg,H6199BU
H62180B_jpg.rf.eac0396ac7ec1dc5b730dfbc59b0a028.jpg,H62180B
H6240AKC_jpg.rf.ad76ab528e0479d089bbf26e00750635.jpg,H6240AKC
H6240KK_jpg.rf.b6961605fcae248e5cf034684ae406f9.jpg,H6240KK
H6249NB_jpg.rf.c5f638654d1deba17910cc5de48b31ab.jpg,H6249NB
H6256AWC_jpg.rf.be34a8144a49ede06a60c9b5656150c1.jpg,H6256AWC
H6270AI_jpg.rf.7c4ba74ddbdc26d1f0d8a84bfc2ebab2.jpg,H6270AI
H6399ANC_jpg.rf.7105b3944c4991d04d8d3dd6a49c5af8.jpg,H6399ANC
H6426ALC_jpg.rf.e8ff62877f7d259d499f4a47290d90b2.jpg,H6426ALC
H6484HL_jpg.rf.97fad0a0c10e0da48945c95e61af5859.jpg,H6484HL
H6524AK_jpg.rf.0ea32e923bd3078ae41c4a6d451f7d46.jpg,H6524AK
H6542JI_jpg.rf.edf80e449a2230c19a90ed1e642d66a3.jpg,H6542JI
H6567AK_jpg.rf.1948ced815e695f1a40a1fd04d799942.jpg,H6567AK
H6572FC_jpg.rf.de909e5694d32f424ab1f0e88ba27c57.jpg,H6572FC
H6583AFC_jpg.rf.2db52154cc1d1d96a3f8bb3f4e8ef83e.jpg,H6583AFC
H6629CV_jpg.rf.e45d134a9671c7f3e3905d7a3616967d.jpg,H6629CV
H6648KK_jpg.rf.975064e7b195f88b4381de528099a2aa.jpg,H6648KK
H6656UB_jpg.rf.514938758c2cb391215d719818fc2469.jpg,H6656UB
H6680OC_jpg.rf.ff5ab40e386ab640aa6dd16de8129412.jpg,H6680OC
H6725EK_jpg.rf.17e826a32c615c80d84ddf5fe447f32b.jpg,H6725EK
H6726MK_jpg.rf.1154156b35598c537566e404e95938b6.jpg,H6726MK
H6792DK_jpg.rf.ece80f5786ba9f29c0344122b911923c.jpg,H6792DK
H68140C_jpg.rf.349701a0b15d59ada1e290fc8ea33b31.jpg,H68140C
H6823DK_jpg.rf.3e702166ca25c8cf9997a65025195451.jpg,H6823DK
H6829PK_jpg.rf.c30185e7fb675af2ae74528bb949007e.jpg,H6829PK
H6832CV_jpg.rf.314064e6cc49e4e4d283ea9b6e431954.jpg,H6832CV
H6860ZB_jpg.rf.53ce540f9b8183540d16d27e6a87d8ec.jpg,H6860ZB
H6871BC_jpg.rf.29ddcf2f177e530c3c75f6f3fd651726.jpg,H6871BC
H6875PK_jpg.rf.809a135582755bf431702121e135c836.jpg,H6875PK
H6877UC_jpg.rf.447b171f026c665605481868398b6e27.jpg,H6877UC
H6890AEC_jpg.rf.bc91578e05973148a9a944b12ecaa357.jpg,H6890AEC
H6912QK_jpg.rf.39bdb355051683f2ffc45557ed10523d.jpg,H6912QK
H6922JB_jpg.rf.062794a841c789f2c42893d6835e009e.jpg,H6922JB
H6925UL_jpg.rf.02cf92d0d2b965aca0082aca4c5886c0.jpg,H6925UL
H6943LV_jpg.rf.2bf9de9ef8fdd0804fa22a48ceb8abf8.jpg,H6943LV
H6954DK_jpg.rf.79aae60b4500c1aaf3eccbc8a7c1ba87.jpg,H6954DK
H6956NB_jpg.rf.d7424b1f7fd1e8758c15079331fd7209.jpg,H6956NB
K2303AHB_jpg.rf.85e93cd74436d7bbf90e0026e27f6230.jpg,K2303AHB
K2771KZ_jpg.rf.af958b310e66c7fa09e6d8e2771526e7.jpg,K2771KZ
K3934AUC_jpg.rf.1d45cd585a9ef2ffa65008afaa9c05df.jpg,K3934AUC
K4997XC_jpg.rf.ba26e0050114d0de3f44be9104ed014b.jpg,K4997XC
K5347QR_jpg.rf.9e2238d2068cd974ee0462ecb69514e4.jpg,K5347QR
K5661FZ_jpg.rf.c7f791fd19fe5b463a365655a7759086.jpg,K5661FZ
K6263IS_jpg.rf.bb91bf542da65089e3c450892c20231d.jpg,K6263IS
KB2063LK_jpg.rf.785afbc8af08d22b17c8ad93a463fbe9.jpg,KB2063LK
KH3227SH_jpg.rf.d5652923f679034270cbdf5f96052685.jpg,KH3227SH
R5835IF_jpg.rf.44cb1fe16c609c6bf0362c77d698ad7a.jpg,R5835IF
S4136SI_jpg.rf.c58a059e787218f165cb611ff196e1b1.jpg,S4136SI
T6277CH_jpg.rf.127245c69246c16edf03facf54825062.jpg,T6277CH
W4324NCH_jpg.rf.f8da9ff20c58b97825aa089321a5c4a7.jpg,W4324NCH
H6710UB_jpg.rf.e4bf1356df579dfea6cad3ef66d4b177.jpg,H6710UB
AA4103KN_jpg.rf.89c796674b68762e34ebf57c3214fb91.jpg,AA4103KN
AB2665YX_jpg.rf.c0c19a650790bc38974e2704c70aed1c.jpg,AB2665YX
AB5896WX_jpg.rf.4a1bd37cc1895686e57ebe8ef6cace13.jpg,AB5896WX
AD2801BV_jpg.rf.5126dae41871c7b495333fff298cfb7b.jpg,AD2801BV
AD4247IW_jpg.rf.99652fa07d53b85f858ce894f4d33fac.jpg,AD4247IW
AD4669AW_jpg.rf.bd3eae6de7bdfeb9db8edf50dae96aa1.jpg,AD4669AW
AD5823BAD_jpg.rf.ee2ae657d8dbb3d8678448e11dd00664.jpg,AD5823BAD
B3974FXL_jpg.rf.f5af21df5f05c8edac2c1514dcb79107.jpg,B3974FXL
B4931FMZ_jpg.rf.abc899fc0bfc4025f093481d8bfbc599.jpg,B4931FMZ
BH2618MA_jpg.rf.9a193fa0f1b7d30cc1a894e154064398.jpg,BH2618MA
BM5332HM_jpg.rf.b6ffdc3d860656288e5cb2345db7f20c.jpg,BM5332HM
E5303HL_jpg.rf.9be6ba5c99e4da5f225a413d1a6ca651.jpg,E5303HL
H2019WB_jpg.rf.59182f83dff71cb718433cfc489b3bd0.jpg,H2019WB
H2062AHC_jpg.rf.bafc534ae634f12615d2759bd44c362d.jpg,H2062AHC
H2089RK_jpg.rf.1fae9a2fe79a6b9783a3f0250560fad5.jpg,H2089RK
H2113LK_jpg.rf.95c202ab2071873d46abeb8a1833e90a.jpg,H2113LK
H2180LK_jpg.rf.8953336c49d62f62ec2c8fb4ceffc0ed.jpg,H2180LK
H2325PI_jpg.rf.dc438fadfa58ee078409a42894850a82.jpg,H2325PI
H2334TH_jpg.rf.2930ce07547a4fd0867064eff664d7e4.jpg,H2334TH
H2380BK_jpg.rf.c6d460ee553fde329a6cb598d57835d8.jpg,H2380BK
H2517AJC_jpg.rf.69a287943ce0f19a13c447f2edab00c6.jpg,H2517AJC
H2736SV_jpg.rf.61f14e55cc475d8abad4e75ea8f98a86.jpg,H2736SV
H3041NV_jpg.rf.977fa4a1c2853f603942755b5f6dd359.jpg,H3041NV
H3141NB_jpg.rf.cf3da688ff0cf461dabf85c01953f615.jpg,H3141NB
H3285CV_jpg.rf.b91b9269f667b44d952cf204bdc475be.jpg,H3285CV
H3367YB_jpg.rf.c40c76b5ad082040682cc7f3b4ad2a2b.jpg,H3367YB
H3455PV_jpg.rf.1b486a558499f007683aa2c002c23ad2.jpg,H3455PV
H3466MJ_jpg.rf.274d56518b3cccd3ed4f893eea939c07.jpg,H3466MJ
H3471AXC_jpg.rf.ebb9e508ba0aa9ead79b1616e0e478a0.jpg,H3471AXC
H3586HI_jpg.rf.58b6687178a28ee7e3f77c7362a9c5e8.jpg,H3586HI
H3721YB_jpg.rf.531d6d1437f274738dd3633f96661d35.jpg,H3721YB
H3783CI2_jpg.rf.5b5be5f58b7ae7cbfefb92f15c2f5285.jpg,H3783CI2
H3919JK_jpg.rf.c419a22d47190dd3ec5335a6f5abb9e0.jpg,H3919JK
H4096GK_jpg.rf.60bfd649187ebc1afab64534487e3539.jpg,H4096GK
H4127YB_jpg.rf.9b2db636d2c60bf6bd2e954737379652.jpg,H4127YB
H4168YB_jpg.rf.51daa9ab4470be9f6e28025c59b1b277.jpg,H4168YB
H4311BI_jpg.rf.d35bef0e92051b7f81740cd6e09ea719.jpg,H4311BI
H4452AI_jpg.rf.768ee2c1f22755fcdcda680e045aec38.jpg,H4452AI
H4481AFW_jpg.rf.6f9ad4bbabe3040c4316c52fba6eb917.jpg,H4481AFW
H4820EI_jpg.rf.63b9826c758bd661af2256bf25664b8e.jpg,H4820EI
H4941ASC_jpg.rf.ed491f58b35f5b4ed6c9d3ca8e8b535a.jpg,H4941ASC
H5054BI_jpg.rf.af75d786d58db9b29dddbb88f88b37d2.jpg,H5054BI
H5067FK_jpg.rf.b1230888eb904e5974c9b345ef4b5088.jpg,H5067FK
H5159KK_jpg.rf.16432ac340d36007842f185baf13e82c.jpg,H5159KK
H5178KK_jpg.rf.296fb3d86fb2cc41da91f5c924edde39.jpg,H5178KK
H5256GI_jpg.rf.f5dcc6762df9313b7b9d916482950aed.jpg,H5256GI
H5357KK_jpg.rf.9a2f634e2181950d9022f7db28ecf754.jpg,H5357KK
H5375JB_jpg.rf.7cd38509a35757c30039625461c61861.jpg,H5375JB
H5379GK_jpg.rf.fb7ce6ee940cac794cd5c3ebcb7afe43.jpg,H5379GK
H5428CO_jpg.rf.415b6fa9041cee7ccbda0c1995f1c799.jpg,H5428CO
H5508ACC_jpg.rf.2296a7a3c50509c5f495a398c4a234cf.jpg,H5508ACC
H57200C_jpg.rf.c4e2aaab9bd6269f34457024ea517186.jpg,H57200C
H5771QC_jpg.rf.5d15f8604628b6f4fa44c83783d52312.jpg,H5771QC
H5796GC_jpg.rf.7e874e4a9a2e20418415721f412825c8.jpg,H5796GC
H5824JK_jpg.rf.bde3c5099390083d829841e0b5e6ea1f.jpg,H5824JK
H5953NK_jpg.rf.221897e17df99e3a952b254caf3dbb22.jpg,H5953NK
H6132YB_jpg.rf.cf782acb33fba7fe7f46c27e1bcd8ae3.jpg,H6132YB
H6152YI_jpg.rf.ff1c3428ff631e5de8844d77ed6d10e7.jpg,H6152YI
H6209HL_jpg.rf.b2da4c7a6214f3172f5cc15c4072edfa.jpg,H6209HL
H6256QK_jpg.rf.1be6d8aa5db38a0a9156c6eb7489d488.jpg,H6256QK
H6272MB_jpg.rf.b0b3bde20579f2b4fcb19c261ef6d7b7.jpg,H6272MB
H6379DK_jpg.rf.e76eaa02d7ee207ac1e17483d1ac1135.jpg,H6379DK
H6414TB_jpg.rf.918748c3ce35477e63e2391d9029d4cd.jpg,H6414TB
H6496GK_jpg.rf.ee0a6660c87eea108a3a43925c4d6aa2.jpg,H6496GK
H6713AAC_jpg.rf.a3f24bd64e27712d8ff07bef1f464ce5.jpg,H6713AAC
H6756QI_jpg.rf.f1c883296f597ae8ded08cef494b3b5f.jpg,H6756QI
H6774KI_jpg.rf.f68e4378414c508bacdcf494bbd2b455.jpg,H6774KI
H6805VB_jpg.rf.da6b7c684ae3d96d8bbfd50ff37d3310.jpg,H6805VB
H9693HC_jpg.rf.3e11cee3dd8976cb9d8b938d60991fee.jpg,H9693HC
H9803HC2_jpg.rf.3b215fdbf8aa80b237899d83d48933e1.jpg,H9803HC2
H9803HC_jpg.rf.6f4f5182db5699966096488f7f44ac1c.jpg,H9803HC
K2344JU_jpg.rf.77cfc2f9442dcb4c2084ded8fcfe6654.jpg,K2344JU
S4073JB0_jpg.rf.b4c68a383eb9696584fae77228a711c0.jpg,S4073JB0
H2359SV_jpg.rf.9ea5e8f81410cd07fc844e96f38e61cd.jpg,H2359SV
H2441WB_jpg.rf.bb8d987b9d733d91e818d5e3a0559979.jpg,H2441WB
H2830FK_jpg.rf.2167c31b897fbda07851e538627e5360.jpg,H2830FK
H3137RI_jpg.rf.35845ba884eb832bc233ec151d8ca9a5.jpg,H3137RI
H3372VC_jpg.rf.3d075e0cfc1f5eae981f143704d84a17.jpg,H3372VC
H3481UB_jpg.rf.528d45b5dfc182e943abfe28c890bf42.jpg,H3481UB
H3520BLG_jpg.rf.f36bfadcb6680314c4c136b2bbe3b36d.jpg,H3520BLG
H3673DI_jpg.rf.6ebf79bb847ccd269c187d209e922668.jpg,H3673DI
H3882HK_jpg.rf.d99eec8181dba2eafc755041a7f43fb3.jpg,H3882HK
H4205DI_jpg.rf.72d1d87ab3e295bef745706195b1644a.jpg,H4205DI
H4419YI_jpg.rf.72594f3eb32c7ebebfd8998453fbe95a.jpg,H4419YI
H4509UB_jpg.rf.be4d49edab9da106a55ad76237bca6f3.jpg,H4509UB
H4652QK_jpg.rf.9e6f04516fd61b8b09c176b67557302f.jpg,H4652QK
H4738DK_jpg.rf.c002eaf11ffd0b6344acbaf03e3aa462.jpg,H4738DK
H4783FI_jpg.rf.e13817c12d83f2ff681c3f81ad8039fc.jpg,H4783FI
H4919GK_jpg.rf.aa599b9067826fcfa5fc37cf544447ca.jpg,H4919GK
H4941HV_jpg.rf.c5d3511d1421e860e184baf47f4b5072.jpg,H4941HV
H5059RH_jpg.rf.97e37894236e3b5afb06ba641f0221b9.jpg,H5059RH
H5288MQ_jpg.rf.737241da3ddc2427f1db860695461a5b.jpg,H5288MQ
H5442EA_jpg.rf.3fedf471dbbe182e362535a9a8389b48.jpg,H5442EA
H5452JV_jpg.rf.e34d9545393d43a1f8b0280db0f675d3.jpg,H5452JV
H5478MK_jpg.rf.ccf71c5b77abd9087ce093d7b7ab0ca0.jpg,H5478MK
H5529MI_jpg.rf.7c49b7e0aedd1ade4a544d949c7768ce.jpg,H5529MI
H5641QL_jpg.rf.cd663da78efffbe08bc4543ea07b330d.jpg,H5641QL
H5686II_jpg.rf.bae8549b9d9f73f39b6fbb0c96c63366.jpg,H5686II
H6233QB_jpg.rf.d429868daf8c8ecdb3c4c00fa18d691b.jpg,H6233QB
H6602HK_jpg.rf.30f2de974c82f0872639a25fcaff2e73.jpg,H6602HK
H6629NB_jpg.rf.f2a4e159ed637825bd3832ca7f33dc78.jpg,H6629NB
H6998ZL_jpg.rf.a55da05e1e5b9329b76b454dbcb124d9.jpg,H6998ZL
K3293PR_jpg.rf.42138956ef2101e9d62e432251e48d37.jpg,K3293PR
KT5498LP_jpg.rf.390bbda25c652404815e7e2fd697a2a5.jpg,KT5498LP
R6637MP_jpg.rf.a982c07bf8561c7c9443e044428e7a95.jpg,R6637MP
10-E-5894-SZ-09-17_jpg.rf.3d947f192e922c8fee4cd8ee6e42c538.jpg,E5894SZ
100-E-6467-QW-09-20_jpeg.rf.6a40e182043118f1585558a032f443ab.jpg,E6467QW
102-E-6984-P-07-20_jpeg.rf.d5d6c3ee30ec9f8917cbb35a1fa42661.jpg,E6984P
103-E-6387-PL-04-20_jpeg.rf.0bbef90dd64ea61059b6a699b5b0b991.jpg,E6387PL
104-E-4939-PAE-07-21_jpeg.rf.6df8381a2a4dcdb840a7394a4306bdb5.jpg,E4939PAE
105-E-6430-QO-12-19_jpeg.rf.35061f201f57251229cf98523943d93b.jpg,E6430QO
106-E-4670-TL-05-22_jpeg.rf.884d3e46317b92a84523d2eea2981905.jpg,E4670TL
107-E-4145-QZ-12-20_jpeg.rf.86a4bd2b617c99623ae7f9fb8e697d69.jpg,E4145QZ
108-E-5860-ST-03-21_jpeg.rf.37d57b0c5d2e7045b51d45f6e33a9aa6.jpg,E5860ST
11-E-6562-QO-12-19_jpeg.rf.b779f98505c7c8e47231f6fe7dcd173e.jpg,E6562QO
110-E-4753-QV-08-20_jpeg.rf.34e0ca6788e1a661437f8c2040540db2.jpg,E4753QV
112-E-5718-OT-06-20_jpg.rf.f9b6cfebf521365f4d1f65c3106a8be5.jpg,E5718OT
116-E-5241-TP-09-22_jpeg.rf.bb20e5371909d9a97c7b20298737b0d2.jpg,E5241TP
117-E-2251-TI-01-22_jpg.rf.40ea617814b765d4e934d430b6282b53.jpg,E2251TI
118-E-4885-QZ-12-20_jpeg.rf.dc71825a350311a04525a114ba7277a1.jpg,E4885QZ
12-E-2462-QF-02-19_jpeg.rf.e7cbf01d01577aeb38a9062d3524e2fe.jpg,E2462QF
120-E-6464-TI-05-18_jpg.rf.6d3fd7c7ef65bc259e20d0102bc86ed6.jpg,E6464TI
121-E-4112-RJ-04-18_jpeg.rf.faa9365afe559aaaf0b1db907e0966de.jpg,E4112RJ
123-E-4603-PAE-07-21_jpeg.rf.6ec8d8a445a5afc6bc20dd7d4c0c78a8.jpg,E4603PAE
124-E-4564-RRR-11-21_jpg.rf.c477c362fdf17525e307058ad66fb8f4.jpg,E4564RRR
126-E-3453-TN-06-22_jpeg.rf.20be581261adf2dd8823ee65f32e19a7.jpg,E3453TN
127-E-6932-TW-05-18_jpg.rf.9b325b2f0ea0f825ec3bd6a21055fe62.jpg,E6932TW
128-E-4877-SV-05-21_jpg.rf.1dad911b5324bd725fd63b8119ae2cc5.jpg,E4877SV
129-E-6410-TX-06-18_jpeg.rf.4bdd51e4f7a47deee2a31bdf05d1b863.jpg,E6410TX
13-E-5313-TF-10-16_jpeg.rf.44250d5cd06179af5f2173a394b37553.jpg,E5313TF
130-E-9967-P-12-22_jpg.rf.06a73bd6cdba08d186097003a6791c24.jpg,E9967P
131-E-5789-QD-12-18_jpg.rf.b95a85298056a9d7b78ff70ec201ee39.jpg,E5789QD
132-E-6298-SS-01-21_jpg.rf.34c933d1617e1e1a169188aa1388361e.jpg,E6298SS
133-E-6586-PAM-06-22_jpeg.rf.53ef72b0f787b701173bb37b7f037cf1.jpg,E6586PAM
134-E-2194-Q-07-18_jpeg.rf.3e754b047201d8f4f97832f11fd3a5d2.jpg,E2194Q
135-E-4721-SJ-11-20_jpeg.rf.66bcf165093212d00c7a09c843393a41.jpg,E4721SJ
137-E-4958-QS-05-20_jpg.rf.1b1a9f90cdd1b25099b6e2d8a971f706.jpg,E4958QS
138-E-4746-PAI-12-21_jpg.rf.18054752d3f9d7df41c3aabee0a3159a.jpg,E4746PAI
139-E-5515-QG-04-19_jpg.rf.8c6d8089eaca57ba05a00aacd50ee289.jpg,E5515QG
14-E-1129-RP-07-18_jpg.rf.e5193b70e41d1227acff1af377d33800.jpg,E1129RP
140-E-5997-QP-01-20_jpeg.rf.bf3a97767a480ffca37d80090f7f82fb.jpg,E5997QP
141-E-3860-PAK-02-22_jpeg.rf.af08ab9a8cfd0a2d8d2f81527df0c0fa.jpg,E3860PAK
142-E-3229-SQ-11-18_jpeg.rf.9e7b8fb6d2c11534a677afd168e063b1.jpg,E3229SQ
143-E-5279-SD-12-21_jpg.rf.1be101bea6d860860ee3e24cafe4a70a.jpg,E5279SD
144-E-3063-RS-07-22_jpeg.rf.24bc723b938c79761230a4d93750926f.jpg,E3063RS
145-E-2035-SO-07-20_jpeg.rf.cbb5aa0f31ac559fdf7354accdda93ff.jpg,E2035SO
146-E-3485-SZ-09-10_jpeg.rf.3836a4d196cd2f12d93801181d2bbdf1.jpg,E3485SZ
147-E-2881-QAA-10-22_jpg.rf.7a36cae6852292a228a4506739e3bcba.jpg,E2881QAA
148-E-3052-QU-06-20_jpg.rf.1a0d4ea427a45040d90e2846a0b90a2e.jpg,E3052QU
149-E-4217-TT-01-18_jpeg.rf.be060cef0a3a36ca1ea38822a56a6520.jpg,E4217TT
15-E-3088-PAK-02-22_jpg.rf.fae884a6277fea83492353c885e90b15.jpg,E3088PAK
150-E-6686-PAI-01-22_jpg.rf.f0ea2c7b206df52864255c683300da98.jpg,E6686PAI
151-E-5090-TW-05-18_jpg.rf.cf75fbca8b7876bf331ddd5318ccebac.jpg,E5090TW
152-E-3772-SV-05-16_jpeg.rf.a62c6cdfba2ccc57a874ade8d68bd8c9.jpg,E3772SV
153-E-6930-RS-09-12_jpeg.rf.b6971e8ed7cba02c73b12b30ccbfd3a4.jpg,E6930RS
154-E-6151-PAL-04-22_jpg.rf.eaff8bc30894dd0c6949ed82cf698dec.jpg,E6151PAL
155-E-3392-TZ-07-18_jpeg.rf.fa250eb976e6e7f90801d39c4844c564.jpg,E3392TZ
156-E-3426-SB-10-18_jpg.rf.c2f6875714aabd213742ac726d4844c9.jpg,E3426SB
157-E-6735-QV-08-20_jpeg.rf.611ae78a92752773a06ee7b69fb16799.jpg,E6735QV
158-E-5737-PAB-03-21_jpeg.rf.b2465fb1f9344efcd6446c56f98cee30.jpg,E5737PAB
159-E-5084-RY-08-21_jpg.rf.8207fa316db422d2724ab48d89269f7b.jpg,E5084RY
16-E-3598-PAD-09-21_jpg.rf.85cb2e050613d05548153929b74f99af.jpg,E3598PAD
160-E-2707-SP-11-21_jpeg.rf.d4df522cee446b2bfb4bef72aff5f4c1.jpg,E2707SP
161-E-3332-ST-02-19_jpeg.rf.5f2c6727bda72acd73ddc58693e936bc.jpg,E3332ST
162-E-4539-RC-11-20_jpg.rf.7da494b066fe87e0f22464f589ce11d5.jpg,E4539RC
163-E-6804-RV-02-19_jpeg.rf.7e0d984375ee7b12d0bf205843850a81.jpg,E6804RV
164-E-3543-PAG-09-21_jpg.rf.daba5dc64f23adbd654b86b48355333b.jpg,E3543PAG
165-E-5555-SR-05-20_jpg.rf.cfda7ef030c9d11aa117372c45caf2ef.jpg,E5555SR
166-E-2989-OZ-12-20_jpg.rf.258aa4265b55334707b82f407345bde9.jpg,E2989OZ
167-E-4314-RP-01-22_jpeg.rf.42e9e73919951acb642e862412002777.jpg,E4314RP
168-E-4092-PAE-07-21_jpeg.rf.7eb2a135feef005a3175ad96d5bf6829.jpg,E4092PAE
169-E-2637-WM-02-21_jpg.rf.7961a1ad9b2aca46af58f706fd999f69.jpg,E2637WM
17-E-4172-QC-11-18_jpg.rf.ac4d11aaf78eb1e88aef8dc9d772fc94.jpg,E4172QC
170-E-3913-QS-04-20_jpeg.rf.a25c77bd6dea289d6cd22c5cdbffe16e.jpg,E3913QS
171-E-5605-QZ-12-20_jpeg.rf.6ea87be69f156bcbc4ecbd44855553b4.jpg,E5605QZ
172-E-6526-QX-11-20_jpg.rf.cf2c77ad4c376a9ceb4cb5e8371ce040.jpg,E6526QX
173-E-4019-TL-05-22_jpg.rf.c96944279d049488c1ff8ddec2d64c27.jpg,E4019TL
174-E-2091-SD-01-14_jpeg.rf.4464440a90087f9803f842f9553283e0.jpg,E2091SD
175-E-6962-PAA-02-21_jpeg.rf.8045cd5ff39be31c46d5b3e1c20d4f0c.jpg,E6962PAA
176-E-4386-IY-09-18_jpeg.rf.23a08933db4235eaaf8174c7d74da8cb.jpg,E4386IY
177-E-2380-SA-09-18_jpg.rf.d6d16a4fdb6cf151cbbdfc12fa493b39.jpg,E2380SA
178-E-5430-SL-02-20_jpg.rf.7bfe7bbefdc2090c0147a3638141e0b1.jpg,E5430SL
179-E-3934-PAI-12-21_jpg.rf.8e061c0c5399b21579f6498976e37e7b.jpg,E3934PAI
18-E-3865-PAF-08-21_jpeg.rf.068ba2f38a3791e54181331323b53828.jpg,E3865PAF
180-E-3646-RL-05-20_jpeg.rf.162dbd8d6cd60d2dc219788311af8bc2.jpg,E3646RL
181-E-3708-TU-06-15_jpeg.rf.6d5fa1e5fa794f9c2603933c1081db96.jpg,E3708TU
182-E-3996-RS-08-17_jpeg.rf.105ab749915240270d30779c11890cd2.jpg,E3996RS
183-E-5266-TS-12-22_jpg.rf.6cb6459762fa87b9a69db8c82b97d112.jpg,E5266TS
184-E-6595-TO-10-22_jpeg.rf.101c4731e8cd32db0339030e0fcd7802.jpg,E6595TO
185-E-6017-SR-03-13_jpg.rf.84e4d3776bbbb1266d6f7261130bd94c.jpg,E6017SR
186-E-6173-IM-11-18_jpeg.rf.acb9c4ddbcb1728b6b43fd66a5118fbb.jpg,E6173IM
187-E-6737-SS-01-21_jpeg.rf.fe5153a38b7584230c5ca3266d99e7d6.jpg,E6737SS
188-E-2647-SL-01-20_jpeg.rf.bcff9d405fefe21d0d652b0d6b0fa70e.jpg,E2647SL
189-E-5182-QO-11-19_jpg.rf.afd5f852bd053cfa53e909cb7ff727e8.jpg,E5182QO
19-E-6179-SH-09-14_jpeg.rf.140e39d0739644cc8a26a67f76f5e7ec.jpg,E6179SH
190-E-5621-OV-08-20_jpg.rf.a7e6b7b4d769623200c8e4ef27b763a9.jpg,E5621OV
191-E-3690-ZV-02-20_jpg.rf.189f172fe041cf23ed56065815cdc273.jpg,E3690ZV
192-E-6347-PAF-09-21_jpg.rf.7ad3a17a50e4f7d3ece5be813e956d3d.jpg,E6347PAF
193-E-4682-QA-09-22_jpg.rf.27c108c0e157854408b541cdacb69f67.jpg,E4682QA
194-E-6037-SF-06-19_jpeg.rf.f1024553d105946dd7db16fd525d1018.jpg,E6037SF
195-E-2110-QP-12-19_jpeg.rf.8bffd4383352036d6904a139e8eb9215.jpg,E2110QP
196-E-6843-SV-06-21_jpeg.rf.1548609560285c93fede1f2c04ace20e.jpg,E6843SV
197-E-6375-OC-06-22_jpg.rf.bc713b83f9126854e2bd2cf03cc9cbcf.jpg,E6375OC
198-E-3040-SI-09-19_jpeg.rf.bd9581adc043ae7daad55ca2171e727c.jpg,E3040SI
199-E-5314-QR-03-20_jpeg.rf.bcc1f916c9cf273159e1d4391089d148.jpg,E5314QR
2-E-6223-PAC-05-21_jpeg.rf.c70cf814e42cea0a9c68d1a3ed18a03a.jpg,E6223PAC
20-E-4221-RL-04-19_jpg.rf.f75d8dafef773a121e3d84de5ba4dbdf.jpg,E4221RL
200-E-6978-OW-09-20_jpg.rf.37600ac1a02ad0d25455c75996b57f93.jpg,E6978OW
201-E-5090-PAO-07-22_jpg.rf.656de6794e2c7f0edcd17280dc23f0b2.jpg,E5090PAO
202-E-2965-TO-07-22_jpeg.rf.5217da8f4b2e66c1881ace503bb111fe.jpg,E2965TO
203-E-3071-TC-10-21_jpg.rf.889e0eacce5398829b5960529b9e5257.jpg,E3071TC
204-E-6936-TF-10-21_jpg.rf.cc8e103eea635b5fe0ecd915bf16eb79.jpg,E6936TF
205-E-5880-RF-10-18_jpeg.rf.74dbec3d6a323fb2402b712a77d42c69.jpg,E5880RF
206-E-2253-RB-01-21_jpg.rf.05a3f356e50fb102076a5a3e92ed78bc.jpg,E2253RB
207-E-4396-RU-12-17_jpeg.rf.18967f103fa9002e0fa5fa8d77d4a2ae.jpg,E4396RU
208-E-6855-OC-11-21_jpeg.rf.7d2ecbf065c1d785ae970c2f1d850623.jpg,E6855OC
209-E-5246-PAF-08-21_jpeg.rf.093c8001b224b78f8a33a1171c02008c.jpg,E5246PAF
21-E-6676-PAH-11-21_jpg.rf.41804ed0c101bb1994134346c82ff840.jpg,E6676PAH
210-E-3166-PAO-06-22_jpeg.rf.1fd70e7cb51e79f2180eb10bb04a0fe7.jpg,E3166PAO
211-E-3313-QX-10-20_jpeg.rf.8c2b14123d6e01c63dc6e3ac1a822b0d.jpg,E3313QX
212-E-3817-PAH-11-21_jpeg.rf.d0883b718711b3107f5793bf3eb94016.jpg,E3817PAH
213-E-4732-TX-05-18_jpeg.rf.cb9d1829acad6a0aa3c471933eedcae1.jpg,E4732TX
214-E-2086-RI-01-21_jpeg.rf.706e173e151ac4ddcc8fb07166c53964.jpg,E2086RI
215-E-6608-PAF-09-21_jpeg.rf.a5fed347c5e7a14e96389ee2e161d438.jpg,E6608PAF
216-E-4406-PAG-09-21_jpeg.rf.5de36c053a02dbce779bcc09e9deca82.jpg,E4406PAG
217-E-4992-SW-06-15_jpg.rf.ad3d085f2cdf37ae0d59cc6e961a1660.jpg,E4992SW
218-E-2715-SE-04-19_jpeg.rf.9170c5410832c4e6ef159f691c6f83b9.jpg,E2715SE
219-E-6312-SW-07-21_jpeg.rf.41c72a2092b6d806eedf6967aeb8426d.jpg,E6312SW
22-E-5234-YF-11-20_jpeg.rf.4e77190f384904b3a80aea339166044d.jpg,E5234YF
220-E-3246-OP-12-19_jpg.rf.8767c41140ae8ca7bcf47d98906bf68c.jpg,E3246OP
221-E-3683-RN-10-21_jpg.rf.a958584b192dd787e1c40637977f9aa0.jpg,E3683RN
222-E-4578-TL-15-22_jpeg.rf.613ad76c526386dd1b670173368d5903.jpg,E4578TL
223-E-6186-PAP-08-22_jpeg.rf.06f6daec96ccc2f9e3e1ba632b7d145c.jpg,E6186PAP
224-E-5085-SD-03-19_jpg.rf.b154a9dd49637ee24b7c31db9c4a337f.jpg,E5085SD
225-E-3061-SQ-10-20_jpg.rf.b5dcb5d0f0419e9f4f9371197f44ffce.jpg,E3061SQ
226-E-5148-OI-06-13_jpg.rf.3b71baf057c991526d4ad6e68c60a0eb.jpg,E5148OI
227-E-2075-OD-11-18_jpg.rf.3f5237c22b3e97eff13cf64fb7646ae4.jpg,E2075OD
228-E-6450-TM-06-22_jpeg.rf.581b9e1a5455a77a8df5bea37e0b3904.jpg,E6450TM
229-E-4951-QE-02-19_jpg.rf.a16461c6dd11f9da001b6e5c12886247.jpg,E4951QE
23-E-2694-SI-09-19_jpg.rf.c70f03201ade0f7522bf8c72d09db104.jpg,E2694SI
230-E-3203-TR-11-17_jpg.rf.fe9e06c121f5d37cbe086ed1d957c973.jpg,E3203TR
231-E-5639-PAP-08-22_jpg.rf.6cb313909f39b91a09aa1fe852b3cce1.jpg,E5639PAP
232-E-6140-QO-12-19_jpg.rf.440c6f43bc73688c1c4722a3e8323110.jpg,E6140QO
233-E-3407-PAB-03-21_jpg.rf.0d66fb59d45f2cf1d59c2b036420efe7.jpg,E3407PAB
234-E-3904-P-03-16_jpg.rf.fc8eb24e5873231ce10f01d0e2e0d818.jpg,E3904P
235-E-1893-PQ-01-19_jpg.rf.8ad4371cc11f1aaea717a2601385fe83.jpg,E1893PQ
236-E-536-YY-00-00_jpg.rf.8ed3a4d90a9763df8441aaab9c31b67a.jpg,E536YY
237-E-3243-QN-12-17_jpeg.rf.3dea4c527faf3f294de9ade21840bcb4.jpg,E3243QN
238-E-5241-TR-11-22_jpg.rf.6fb741a6de86616fe9fcd1fc283a4a63.jpg,E5241TR
239-E-6326-TQ-04-19_jpg.rf.f033ff6df8b0454337d797d55dcab788.jpg,E6326TQ
24-E-6520-PAC-05-21_jpeg.rf.a93377ffae416838b105037fcf23e175.jpg,E6520PAC
240-E-9999-AA-02-19_jpeg.rf.f81fa917a806e10e5aaead95500985bf.jpg,E9999AA
241-E-4510-PL-03-20_jpeg.rf.390f7ce7b8c7bf145bf600b922ef22cd.jpg,E4510PL
242-E-6733-TN-07-20_jpeg.rf.f9f5e1a98e717995ac0f418073694d63.jpg,E6733TN
243-E-3309-QF-02-19_jpeg.rf.5fb21200528d5753fa43685d73dfb780.jpg,E3309QF
244-E-6590-QW-09-20_jpeg.rf.cbd3c6faadc3028cf16bb1e30ab5a9ff.jpg,E6590QW
245-E-6941-PAP-08-22_jpeg.rf.9999fcab0dc2eb6dcafd4f674a9163e9.jpg,E6941PAP
246-E-5905-QO-12-19_jpeg.rf.82b88904b1221485b59be0331fccd53e.jpg,E5905QO
247-E-2148-RI-01-16_jpg.rf.db1a1bafea4aa1410423383b61b73bed.jpg,E2148RI
248-E-4212-SS-01-21_jpeg.rf.383debdaa43231849aba075edb437f22.jpg,E4212SS
249-E-3507-TS-12-17_jpeg.rf.65a05bd9eba2b472e7f1db6eacef94f5.jpg,E3507TS
25-E-2101-PAD-06-21_jpeg.rf.e5dc4231367fcc57311eb1772395a928.jpg,E2101PAD
250-E-6031-ST-03-21_jpeg.rf.afe5504edf04c66c184ce27c5e77fb86.jpg,E6031ST
251-E-3008-SM-05-20_jpeg.rf.8bd32af42ca010f7c323d4f945e50630.jpg,E3008SM
252-E-2113-PAG-09-21_jpeg.rf.89c357512038d639680c838575567765.jpg,E2113PAG
254-E-4739-TA-01-14_jpeg.rf.a693665015ad695079888059efbfa83a.jpg,E4739TA
255-E-6527-OD-02-20_jpeg.rf.d4caed2dc992f9a3467a3c0c7d325474.jpg,E6527OD
256-E-4572-SS-01-16_jpeg.rf.6e9ca55892efa1d12a81f0bb015ab6a4.jpg,E4572SS
257-E-4553-QT-06-20_jpg.rf.5c1f112b842a544a652e036b88231339.jpg,E4553QT
258-E-2895-NB-10-13_jpg.rf.cf2cddd9520c28f1b4654b7ab21e1afb.jpg,E2895NB
259-E-3154-QO-11-19_jpeg.rf.120b9741bd6022e17f6b75eb4d743554.jpg,E3154QO
26-E-4016-TO-08-22_jpeg.rf.0005a2b56833e4fc4807da1c2554a196.jpg,E4016TO
260-E-4250-SU-04-21_jpeg.rf.51d4edf04b36d26e72444f70799f2a71.jpg,E4250SU
261-E-4991-TP-09-17_jpg.rf.2e891bf42cac894dfc7cac971de16167.jpg,E4991TP
262-E-3465-SL-02-20_jpg.rf.db485a3d10d459a83b1fd7c1544867f1.jpg,E3465SL
263-E-6631-TO-08-21_jpg.rf.22bcf658287302fa9dc5990eb92cdfbe.jpg,E6631TO
264-E-2458-SV-05-16_jpeg.rf.70225234c2788013b7abb0381c14289a.jpg,E2458SV
265-E-3984-TZ-07-21_jpg.rf.be3c868ab6ec269e55282cc6282052ee.jpg,E3984TZ
266-E-4299-SZ-09-21_jpeg.rf.4eefecb35493e7c5716cf9211a506217.jpg,E4299SZ
267-E-2747-TS-12-17_jpg.rf.88a3d1713e7f2a7eb7240196e874ba11.jpg,E2747TS
268-E-6752-SN-04-18_jpeg.rf.fa526ec75d695cb1ab4f1aea7602e116.jpg,E6752SN
269-E-2101-TJ-02-22_jpg.rf.f13baf39063655d307ac869a77a2821a.jpg,E2101TJ
27-E-3524-PAG-09-21_jpeg.rf.ceb4c99928545e3c96b6bbfe46e11c38.jpg,E3524PAG
270-E-2891-TT-01-18_jpg.rf.551ae17d30c592b2f5c8d0e8ad02a508.jpg,E2891TT
271-E-2381-PAH-10-21_jpeg.rf.250a9a6644119e184fd10918a91d043b.jpg,E2381PAH
272-E-1677-PE-02-21_jpeg.rf.1a7a62d932b33eed72cc60e218e3ec08.jpg,E1677PE
273-E-6078-RM-09-22_jpeg.rf.ff6223642004d9de0f6e5159f7f29bbc.jpg,E6078RM
274-E-4558-SH-08-18_jpeg.rf.36c3bcee1ee992683d209bed5b33e8cb.jpg,E4558SH
275-E-4986-SO-10-20_jpg.rf.3dc758dfc1c11d57934b71aca66ab1a6.jpg,E4986SO
276-E-2810-PAD-05-21_jpeg.rf.a0f77cf1e6cc08cc793ba2f52dd94cc4.jpg,E2810PAD
277-E-6802-PAH-11-21_jpg.rf.50d4f1e819c608cad38864ec39818633.jpg,E6802PAH
278-E-4568-TCK-12-17_jpeg.rf.4bccebbdcc7b1b756d443a39d74476d9.jpg,E4568TCK
279-E-3405-S-11-20_jpg.rf.dd5615b1d6271ede4bc626c7d2309c5f.jpg,E3405S
28-E-2393-TT-01-18_jpeg.rf.8f9858d85b3f260f963a04fd8e394e9a.jpg,E2393TT
280-E-4813-PL-04-20_jpeg.rf.0e1d20a266fb26671ad83ff1d5b3181b.jpg,E4813PL
281-E-5503-TI-02-20_jpeg.rf.3cb3040b338c7204685ec079f75190f4.jpg,E5503TI
282-E-5519-PAK-03-22_jpg.rf.f7d170280f295805bf9445964a9a39ae.jpg,E5519PAK
283-E-2870-QAA-10-22_jpeg.rf.e171381856326b35836dec9e447415d9.jpg,E2870QAA
284-E-5676-TD-02-18_jpg.rf.20d70a38581ec2f5bc568a8a2c825177.jpg,E5676TD
285-E-5515-QT-06-20_jpeg.rf.dc47306ce08e9fd5127ab0881dda26d8.jpg,E5515QT
286-E-5817-PT-04-18_jpeg.rf.3ffee1c187873bb7535ffe4a4725ef2b.jpg,E5817PT
287-E-6272-PAJ-02-22_jpeg.rf.7aac0c596171f116cc7ea2fcf90d2113.jpg,E6272PAJ
288-E-2747-QQ-01-20_jpeg.rf.e33f763eccb7de1bc555d5364e550aa9.jpg,E2747QQ
289-E-6810-TX-06-18_jpeg.rf.b0eb3bbbc9b1428dde3cc9870e2004c6.jpg,E6810TX
29-E-3978-SC-12-21_jpeg.rf.bea96ffbe7721a25662c391c3ae2c718.jpg,E3978SC
290-E-2157-PAO-06-22_jpeg.rf.783ac5d63cdced73c4675b94373c8138.jpg,E2157PAO
291-E-3496-RW-04-19_jpeg.rf.772d6c1272cec5993697ace43152868d.jpg,E3496RW
292-E-4890-QE-01-19_jpeg.rf.3c147ab55ac67fa3c3b69ac03a9ef417.jpg,E4890QE
293-E-2509-OW-09-20_jpg.rf.13a853eec969214a839a172a585098c2.jpg,E2509OW
294-E-2381-QAA-10-22_jpeg.rf.16972a8159daa4831b44e64b5758a146.jpg,E2381QAA
295-E-6919-TM-06-17_jpg.rf.8865f62178cfe673a0c089d4f2a455af.jpg,E6919TM
296-E-5098-RA-00-00_jpg.rf.3498aeb2b84d31a760135c7c201b36d2.jpg,E5098RA
297-E-1169-PY-05-20_jpg.rf.59dc7627fcaac52f27dee03538c5acc7.jpg,E1169PY
298-E-5944-TK-04-22_jpeg.rf.42fdf4cd9d4d58e211f919f1cc972f51.jpg,E5944TK
299-E-5051-SD-03-18_jpeg.rf.24c468941ef8d593b6f78f0eba6e35e8.jpg,E5051SD
3-E-4537-TCK-12-17_jpg.rf.3afa26e18ba99d55626808c62bebf7a0.jpg,E4537TCK
30-E-5032-QD-12-18_jpeg.rf.7e55676e858a823742d9c71921ccafc1.jpg,E5032QD
300-E-5105-OD-12-21_jpg.rf.1aabb2ea3dc7abbd79a8dc7258dae84f.jpg,E5105OD
301-E-6893-PAD-06-21_jpeg.rf.dcdf213e66390897586a2edd198d34bd.jpg,E6893PAD
302-E-3922-OI-05-19_jpg.rf.806f5377d2685a2468d68dd701c9aa2a.jpg,E3922OI
303-E-6888-SC-11-21_jpg.rf.a8769b07f531d656044d14855a4fe5a7.jpg,E6888SC
304-E-5381-PAB-03-21_jpeg.rf.07812e1da9ee3ba530a7140080ac3bb5.jpg,E5381PAB
305-E-4964-SN-07-20_jpeg.rf.b5d48453c99156892e99b4ea15bd8e4f.jpg,E4964SN
306-E-3270-SJ-08-22_jpeg.rf.1064ea462f7dad65069fd7115fc8602e.jpg,E3270SJ
307-E-4238-QC-11-18_jpeg.rf.d6edb3608b306c640f3c32cef60cdc09.jpg,E4238QC
308-E-5024-SO-09-20_jpg.rf.3b0ccb8da7356f6d68ec294d83567cf4.jpg,E5024SO
309-E-6140-OX-11-20_jpg.rf.102a3af919252a028f8bb924bf209be8.jpg,E6140OX
31-E-5235-RO-11-16_jpg.rf.98159263132cc575dbca05cd6c775398.jpg,E5235RO
310-E-6193-QF-02-10_jpeg.rf.a9b4f68f66cd38ed53577c5f0fafb3bf.jpg,E6193QF
311-E-3593-TF-10-19_jpg.rf.b270532f936af4443008eba8259a0c96.jpg,E3593TF
312-E-3212-OL-08-19_jpg.rf.6147ebbb48971e3e7954f7779851f69e.jpg,E3212OL
313-E-5971-TO-08-22_jpg.rf.577e4c7c2f7cf8b7ca537b965ddada6b.jpg,E5971TO
314-E-3016-SB-10-18_jpeg.rf.749fcf13666111ebe605d6a9340ac5bb.jpg,E3016SB
315-E-6091-TV-04-18_jpg.rf.4f2e8819410e13c63c902974ddd5dd7e.jpg,E6091TV
316-E-4895-OL-09-19_jpeg.rf.f35115c5fff9ae4cf837d1ff0d81cbb8.jpg,E4895OL
317-E-5064-SE-05-19_jpeg.rf.4ad0900a90da9848803f187a830602a3.jpg,E5064SE
318-E-5827-QT-06-20_jpg.rf.ce904ae39fe0d32efcf5d3371749276b.jpg,E5827QT
319-E-3547-RR-06-12_jpg.rf.9ae57e273d90b12453874ca6b4a1e9c0.jpg,E3547RR
32-E-3932-SL-02-15_jpeg.rf.09c88e8c0457581e0eff105a1c182340.jpg,E3932SL
320-E-3796-PY-05-20_jpg.rf.bd9d8df74e938d28cba771ea598e8bf2.jpg,E3796PY
321-E-3255-TN-12-20_jpg.rf.949fddcd612677f3da627cfa98219531.jpg,E3255TN
322-E-8767-TG-11-22_jpg.rf.59c7360474ae7d55aa99ba9e7cf50f07.jpg,E8767TG
323-E-4886-TM-06-22_jpeg.rf.24269d79fc99068993855a6a5a704514.jpg,E4886TM
324-E-5854-PAP-08-22_jpeg.rf.f7633c258a11152bb3b375439d01caf6.jpg,E5854PAP
325-E-2634-QG-03-19_jpeg.rf.aad56e372a94a6dea92e886bc72068d5.jpg,E2634QG
326-E-3758-RW-04-18_jpeg.rf.9dad6d2bffaf0d1db2c560bb341ea65f.jpg,E3758RW
327-E-5071-SS-01-21_jpg.rf.d3d940048fa8d9e1117edd56664ae54c.jpg,E5071SS
328-E-1992-RN-04-22_jpeg.rf.20171dea588a829adc279ce056c7011f.jpg,E1992RN
329-E-5078-QF-02-19_jpeg.rf.34983962dbb27651f74c9cebc0384abf.jpg,E5078QF
33-E-5216-TI-11-21_jpeg.rf.8e7812dfd0176a3107409481e516fd6b.jpg,E5216TI
330-E-5869-PAA-02-21_jpg.rf.9b92eecd980a7a4059b5c1453dd68986.jpg,E5869PAA
331-E-2843-HB-08-21_jpeg.rf.e3f18f7e04deae48ebff16ca710a3f5e.jpg,E2843HB
332-E-4876-Q-08-18_jpg.rf.3554f499abe06cf413a5ad6b73cb1607.jpg,E4876Q
333-E-2247-RY-05-18_jpeg.rf.bf12e494a51490c127223f5ac70f3fa3.jpg,E2247RY
334-E-5195-PL-04-20_jpeg.rf.db0d68113422743dbd895973958e50c1.jpg,E5195PL
335-E-3405-PAH-10-21_jpeg.rf.6239b1082dbadc19c988fd074045d4b8.jpg,E3405PAH
336-E-2909-TP-12-21_jpeg.rf.f229be37fa9acaac26a7a9459d868265.jpg,E2909TP
337-E-3955-PAK-02-22_jpeg.rf.b5c479288652f357d1ae63931ab623bd.jpg,E3955PAK
338-E-3851-PAI-12-21_jpeg.rf.10069ba42d07931510836bce0659ad90.jpg,E3851PAI
339-E-4966-SN-07-20_jpg.rf.2f4ad9e4f6a5ddc2a5cd55c1fb32e78d.jpg,E4966SN
34-E-2987-QC-10-18_jpeg.rf.e5275caee8cd5b30e123eac419bfd293.jpg,E2987QC
340-E-4235-RP-01-22_jpeg.rf.727737f06b6c2a0b63bac63da3f2b9b9.jpg,E4235RP
341-E-6047-QT-07-20_jpg.rf.9e985a17613b575a3e1b036b9ddb994e.jpg,E6047QT
342-E-2544-QD-11-18_jpeg.rf.69ea37be916231f931e58811542dfdd7.jpg,E2544QD
343-E-6894-SB-11-19_jpeg.rf.a3f3e4e9c8655c760d94a68b183856f1.jpg,E6894SB
344-E-6393-TZ-07-18_jpeg.rf.d7d1c3d1aada3195f1ba0f647e00e642.jpg,E6393TZ
345-E-2047-SF-05-19_jpeg.rf.4b7e2f1f4d841f8618603ead71a64d6f.jpg,E2047SF
346-E-6511-QV-09-20_jpg.rf.2874b09186970c38523234bdcebbd1c6.jpg,E6511QV
347-E-6765-PAD-06-21_jpeg.rf.d8a1718b9c22a7cbb2a6d5e1cbc2aa21.jpg,E6765PAD
349-E-4378-SG-07-19_jpeg.rf.a85aaef37822fe237f1864a89a3ec754.jpg,E4378SG
35-E-5026-SF-06-18_jpeg.rf.b2e6091829dd44585affe32aa17a2250.jpg,E5026SF
350-E-3577-PAI-12-21_jpg.rf.e7dd2a0bfdab328253f511619dda5385.jpg,E3577PAI
351-E-6730-RC-07-19_jpeg.rf.3c5228d0b455c5ccd2824a5602d0cfc6.jpg,E6730RC
352-E-5053-RG-09-20_jpeg.rf.4ac3cd2662a5961a4f60e2001fb5acbc.jpg,E5053RG
353-E-6270-SM-06-20_jpeg.rf.4e28fb1cf444a5c1f0fb51ed72ebd993.jpg,E6270SM
354-E-6250-PAJ-02-22_jpeg.rf.431781bbdba0b76acb1213299283d5a7.jpg,E6250PAJ
355-E-6547-PAF-09-21_jpeg.rf.10bbff927f8e6fd7408644b2dddc547f.jpg,E6547PAF
356-E-6225-SJ-11-19_jpeg.rf.f92168c7f28cfd4e4447a94ad6d36229.jpg,E6225SJ
357-E-4679-PAD-06-21_jpg.rf.28d6386f19cc512276c0f8954e0765af.jpg,E4679PAD
358-E-3438-SJ-10-19_jpg.rf.acd8cea247b46db683a78cebe964b54b.jpg,E3438SJ
359-E-6270-OZ-01-21_jpg.rf.d7a86dfa80ad3ac34f598c0cf1dcc57e.jpg,E6270OZ
360-E-4690-PAL-04-22_jpg.rf.0564262bd11b4a23f721451e361a6aa3.jpg,E4690PAL
361-E-3193-PS-08-17_jpeg.rf.48fc5ce33f4b15d68ba7964ca0df78b9.jpg,E3193PS
362-E-6525-SF-09-21_jpeg.rf.7cf6e4016d465f2e2d60d85a9be18151.jpg,E6525SF
363-E-6263-RU-07-20_jpg.rf.7569c1a94c4824b92ea0517ddefcf1d3.jpg,E6263RU
364-E-6528-P-11-18_jpeg.rf.0db14404446d32294743ab4836ffb931.jpg,E6528P
37-E-4127-QI-05-19_jpg.rf.e76e162f67fe3e5818ef76f65a8b4e6f.jpg,E4127QI
38-E-3747-RE-08-15_jpeg.rf.f0b54506ad00b90444362b2b9b086e43.jpg,E3747RE
39-E-6716-QR-04-20_jpeg.rf.4cfa14bd99487c17e3c3ff49414a6c13.jpg,E6716QR
4-E-6226-YZ-12-19_jpg.rf.fb3c07a5634791b614277137812c34f5.jpg,E6226YZ
40-E-2324-OM-09-19_jpg.rf.7602b3f67f0e99eb5463549992e6294f.jpg,E2324OM
41-E-2648-QI-05-19_jpg.rf.d862de6c1a75db5db94f6b225ed90b16.jpg,E2648QI
42-E-3690-SE-09-21_jpg.rf.c5a51c308db00be8b383486ab1e21753.jpg,E3690SE
43-E-5736-PAQ-09-22_jpeg.rf.f1a510ac63c16256b622ae99304bf614.jpg,E5736PAQ
44-E-5197-PAA-02-21_jpg.rf.b4c4bbfa4e3b5c521070089d0ac3ac97.jpg,E5197PAA
45-E-4836-QM-10-19_jpeg.rf.7d21f182c70470fb0d6c3ba90b7f882d.jpg,E4836QM
46-E-4531-TV-04-18_jpeg.rf.9ec8da94bc9fbab74cb046bec120f09f.jpg,E4531TV
48-E-6073-OL-09-19_jpg.rf.7129c45a0ee280ab94204d5aeb951724.jpg,E6073OL
49-E-5441-SA-11-19_jpeg.rf.78818f919cb87d6601e4d4117af9450c.jpg,E5441SA
5-E-6862-QT-06-20_jpg.rf.b019946b9832b4d27387a77b9a03ca00.jpg,E6862QT
50-E-6691-PAB-04-21_jpg.rf.50e6b575d5b02b52318731d4755f55c4.jpg,E6691PAB
51-E-3083-PAH-10-21_jpeg.rf.cffb96c6eff2f69a3a35dad71d821ca6.jpg,E3083PAH
52-E-3765-QO-12-19_jpg.rf.64ff61cfffa54f7e2cc350ab6a866f2d.jpg,E3765QO
53-E-3288-QU-06-20_jpg.rf.546dd4dfcf23bc4512722d663aca47ae.jpg,E3288QU
54-E-5627-SF-06-19_jpg.rf.0bcb06d1674f9eac48e5c6471d9f19cf.jpg,E5627SF
55-E-6214-PAO-09-22_jpg.rf.27e673e506fc50c5cdd48da6d77f7ab4.jpg,E6214PAO
56-E-5056-QD-12-18_jpeg.rf.f05a0de80db14ff68b74780cc26f452c.jpg,E5056QD
57-E-5893-SH-05-20_jpg.rf.48ad42345c0c1f6f925cb3606cff7db1.jpg,E5893SH
58-E-5158-TP-09-17_jpg.rf.9e428319a1f6f7fa190b42de48c5b585.jpg,E5158TP
59-E-2153-SP-08-20_jpeg.rf.ec27732706e964b98b52a25b84d70aee.jpg,E2153SP
6-E-3237-QY-11-20_jpeg.rf.a22ce0b6c3be9ed5d9e47fdcafb4421f.jpg,E3237QY
60-E-1707-PH-03-15_jpeg.rf.c15bb03751897bc3b297a8a100ea1c94.jpg,E1707PH
61-E-6472-SB-11-18_jpeg.rf.a2285eb495839dc5ab935e8c1bfd9684.jpg,E6472SB
62-E-3977-TH-12-18_jpg.rf.3f7614a2e1feb84175d0252f95b2d332.jpg,E3977TH
63-E-2536-SA-09-18_jpg.rf.7ef202b79d1951a91dd30d6b9afb346f.jpg,E2536SA
64-E-5561-OI-06-19_jpg.rf.10b88f71f5e1287df032dd6c1097ce01.jpg,E5561OI
65-E-4235-PAL-04-22_jpeg.rf.19506599a2ccb5a12a41113276bc5778.jpg,E4235PAL
66-E-1477-RB-02-21_jpg.rf.16c704e99238dc79872e98dcd91afeb7.jpg,E1477RB
67-E-4387-SK-11-21_jpeg.rf.1035a5775ea6ceace4fdaba36ad9ebd1.jpg,E4387SK
68-E-1267-RB-01-21_jpg.rf.e4ac569ada281c3812dc92845fe72b98.jpg,E1267RB
69-E-5792-TT-01-22_jpg.rf.ebaba7cb8fae2ddd95c49cccbeee3c59.jpg,E5792TT
7-E-4594-Q-08-18_jpeg.rf.0243582212a519086386d94de72e6322.jpg,E4594Q
70-E-4310-OR-03-20_jpeg.rf.e2672da0ad48055d5d1e24798a8a46fa.jpg,E4310OR
72-E-4903-TR-11-22_jpg.rf.0df9535bf7206afb7d9b62c437a0c3dc.jpg,E4903TR
73-E-5043-PAL-04-22_jpeg.rf.831aa7e414336020113c92d19a580083.jpg,E5043PAL
74-E-2393-TT-01-18_jpg.rf.0b54a23c952b59f1d481a317411cad20.jpg,E2393TT
75-E-2956-RP-03-22_jpeg.rf.7ece9b10336777a33c5ef26016442471.jpg,E2956RP
76-E-5361-TI-01-18_jpg.rf.a4222928928d73795121eb015b492f5f.jpg,E5361TI
77-E-6295-QL-09-19_jpeg.rf.66fbc22d25ef9f41599156d973b6eda7.jpg,E6295QL
78-E-1245-RG-02-20_jpg.rf.5865f93d85be6b8570d797af625ed07f.jpg,E1245RG
79-E-4564-SZ-09-21_jpeg.rf.e26583b93e002e7bbcab9c833e23ca41.jpg,E4564SZ
8-E-3396-TO-08-22_jpeg.rf.c13e3c11e80404b2938c012a0772857b.jpg,E3396TO
80-E-5142-TW-05-18_jpeg.rf.9e15289e9b2eedccada8286412b062df.jpg,E5142TW
82-E-4993-TI-01-22_jpg.rf.60f6b62425716632c1a078f090315df9.jpg,E4993TI
83-E-4147-QJ-06-19_jpeg.rf.e134b099b55365f808c89512c656b145.jpg,E4147QJ
84-E-6545-SN-06-21_jpeg.rf.1d3859816a9fad9873f204c1562bd07d.jpg,E6545SN
85-E-2686-QH-04-19_jpeg.rf.d919f75966a2e88e195502b53652dc8e.jpg,E2686QH
86-E-5202-TA-03-19_jpg.rf.0b392e9a31f442f52c63cc97c705ea90.jpg,E5202TA
87-E-6673-ZQ-04-18_jpg.rf.81627368a37aad4e49b280dbbbbccab5.jpg,E6673ZQ
88-E-3118-QP-01-20_jpeg.rf.dac487a6f659bbd4d01fbca5945c0b08.jpg,E3118QP
89-E-6099-QS-05-20_jpeg.rf.bc473bb4ec519b163342f9a13a8ba045.jpg,E6099QS
9-E-2633-RO-11-16_jpg.rf.635d2a036bebdd427c6233ef1e7e7646.jpg,E2633RO
90-E-5811-RO-10-18_jpeg.rf.37c77c0fefbb7a7fb4fa7774abcb90ca.jpg,E5811RO
91-E-6554-ZL-05-22_jpg.rf.0809309e6e4f04a50675650ac1cf6422.jpg,E6554ZL
92-E-3912-P-05-21_jpg.rf.515764f3c133e1daf7c10f79098ddd00.jpg,E3912P
93-E-5277-PW-09-18_jpg.rf.f37e66d51e430c3a2bb544cade56bbf1.jpg,E5277PW
94-E-2118-ST-01-21_jpeg.rf.b9f813aaa7f8b22eda31f13bf8ea4081.jpg,E2118ST
95-E-6686-SK-01-20_jpeg.rf.c053b1863877eb184b99280f1840e990.jpg,E6686SK
96-E-5942-TM-06-17_jpeg.rf.767427376eaa2e99cd558cc819e792ba.jpg,E5942TM
97-E-6457-CA-11-21_jpg.rf.f394df930fcc42fa18e31319d83d6bde.jpg,E6457CA
98-E-2521-RQ-04-19_jpg.rf.e732d94045996a8f9abc935b7ac94686.jpg,E2521RQ
99-E-2984-TW-04-18_jpg.rf.87034d7aab5c1b628de2604558de04c7.jpg,E2984TW
DataTrain1.png,A7814
DataTrain2.png,B1074QO
DataTrain3.png,B1031QO
DataTrain4.png,B187EDA
DataTrain5.png,B1089VD
DataTrain6.png,B1972RBP
DataTrain7.png,AB2400WU
DataTrain8.png,AB6268YQ
DataTrain9.png,A8014VA
DataTrain10.png,B1554EJA
DataTrain11.png,B1160BH
DataTrain12.png,B1032PJE
DataTrain13.png,B173PUT
DataTrain14.png,B111HSN
DataTrain15.png,B1254TFX
DataTrain16.png,B1618WYJ
DataTrain17.png,AD6850RD
DataTrain18.png,B1717UUA
DataTrain19.png,B1903RFD
DataTrain20.png,B1697ELS
DataTrain21.png,B1119ZB
DataTrain22.png,B1021KIF
DataTrain23.png,B1566FON
DataTrain24.png,B1578SJL
DataTrain25.png,B1075QO
DataTrain26.png,AB6691FU
DataTrain27.png,B1860EFT
DataTrain28.png,B1254TFX
DataTrain29.png,B1684BJN
DataTrain30.png,A1565E
DataTrain31.png,B104WSP
DataTrain32.png,B1946TKN
DataTrain33.png,B1629SJN
DataTrain34.png,B1157
DataTrain35.png,AB1727MN
DataTrain36.png,B1144ERW
DataTrain37.png,B1732PJH
DataTrain38.png,B1926WYF
DataTrain39.png,B1269EZD
DataTrain40.png,AB5571SA
DataTrain41.png,B1691TMU
DataTrain42.png,B1289QQ
DataTrain43.png,B1773UL
DataTrain44.png,AD8746OF
DataTrain45.png,A8014VA
DataTrain46.png,AB4158TE
DataTrain47.png,B1295TJD
DataTrain48.png,B1078QO
DataTrain49.png,B1898STA
DataTrain50.png,B1184TJD
DataTrain51.png,B1652UN
DataTrain52.png,B1819CKF
DataTrain53.png,B1874TLP
DataTrain54.png,AE5477RN
DataTrain55.png,B1941SRE
DataTrain56.png,AD9550BV
DataTrain57.png,A9192ZM
DataTrain58.png,B1596ELO
DataTrain59.png,A8014VA
DataTrain60.png,B1312SIM
DataTrain61.png,AA8414PB
DataTrain62.png,B1174NRQ
DataTrain63.png,AD6259QQ
DataTrain64.png,AB6677RU
DataTrain65.png,AB3650BZ
DataTrain66.png,B1074QO
DataTrain67.png,B1739TZI
DataTrain68.png,B1541SEP
DataTrain69.png,B1487VD
DataTrain70.png,B1102SIV
DataTrain71.png,B1145TIV
DataTrain72.png,B1028QO
DataTrain73.png,AE1624CA
DataTrain74.png,A9590B
DataTrain75.png,B1067SFP
DataTrain76.png,B1642SZL
DataTrain77.png,B1871TIG
DataTrain78.png,AA6290HL
DataTrain79.png,AE4996VI
DataTrain80.png,B1661TKZ
DataTrain81.png,B1634TZJ
DataTrain82.png,AB6941JE
DataTrain83.png,B1419EZE
DataTrain84.png,B1MAM
DataTrain85.png,AD9313SS
DataTrain86.png,B1019TIN
DataTrain87.png,B1020ERF
DataTrain88.png,B1016WBF
DataTrain89.png,B1036UL
DataTrain90.png,B1297POS
DataTrain91.png,B1593UN
DataTrain92.png,B1697TBB
DataTrain93.png,B1946TKN
DataTrain94.png,AA8144CF
DataTrain95.png,AB5571SA
DataTrain96.png,B129JE
DataTrain97.png,AE2593NZ
DataTrain98.png,AA8527BT
DataTrain99.png,B1326RFD
DataTrain100.png,AB2301VW
DataTrain101.png,A9590B
DataTrain102.png,A8055KJ
DataTrain103.png,B1136UZU
DataTrain104.png,B1876BKK
DataTrain105.png,AA1856CJ
DataTrain106.png,AB3767XY
DataTrain107.png,A1565DT
DataTrain108.png,AB2241VY
DataTrain109.png,B1887KRS
DataTrain110.png,B1248PC
DataTrain111.png,B1340UL
DataTrain112.png,A9583B
DataTrain113.png,B1029QH
DataTrain114.png,B1487VD
DataTrain115.png,B1236QZ
DataTrain116.png,B1668B
DataTrain117.png,B1211RKA
DataTrain118.png,B1747
DataTrain119.png,B1522EZG
DataTrain120.png,B1454EYF
DataTrain121.png,AD3864WI
DataTrain122.png,B1880ZKE
DataTrain123.png,B1806UTC
DataTrain124.png,B1305AMI
DataTrain125.png,AA7126FF
DataTrain126.png,A9388EX
DataTrain127.png,AIIS
DataTrain128.png,B1339UL
DataTrain129.png,AB2532QU
DataTrain130.png,AB6711MQ
DataTrain131.png,B1280QO
DataTrain132.png,B1045WMU
DataTrain133.png,B1630UJY
DataTrain134.png,B1218TLQ
DataTrain135.png,B1617RFP
DataTrain136.png,AA7211QO
DataTrain137.png,A7692KC
DataTrain138.png,AB2025XA
DataTrain139.png,B1221UAD
DataTrain140.png,B1937TAG
DataTrain141.png,B1495QO
DataTrain142.png,B1472PQH
DataTrain143.png,B1040UN
DataTrain144.png,B1042PJ
DataTrain145.png,B1679TJU
DataTrain146.png,B1419EZE
DataTrain147.png,B1781TJW
DataTrain148.png,B1486RFS
DataTrain149.png,B1902TOX
DataTrain150.png,B1460TIQ
DataTrain151.png,B1198TJS
DataTrain152.png,B1289QO
DataTrain153.png,B1117KVE
DataTrain154.png,B130ER
DataTrain155.png,A8014VA
DataTrain156.png,B1786BKG
DataTrain157.png,A9388EX
DataTrain158.png,B1015SJW
DataTrain159.png,B1493KIE
DataTrain160.png,B1378EM
DataTrain161.png,B1868LK
DataTrain162.png,B1669TFL
DataTrain163.png,B1753UJQ
DataTrain164.png,B1827TRK
DataTrain165.png,B1241PQO
DataTrain166.png,B1166UUA
DataTrain167.png,A7693KC
DataTrain168.png,B139RFS
DataTrain169.png,B1079ZKM
DataTrain170.png,B16TB
DataTrain171.png,B0120KXT
DataTrain172.png,AG2020WS
DataTrain173.png,B1383SS
DataTrain174.png,B1783NKV
DataTrain175.png,AA9122J
DataTrain176.png,B1895EJB
DataTrain177.png,B1321GQ
DataTrain178.png,AB2070
DataTrain179.png,B1028QO
DataTrain180.png,B1588EKZ
DataTrain181.png,B1296TJR
DataTrain182.png,AE9562NJ
DataTrain183.png,B1006UL
DataTrain184.png,B1209BOE
DataTrain185.png,B1157SSL
DataTrain186.png,B1547UIW
DataTrain187.png,B1248PC
DataTrain188.png,B1739TZI
DataTrain189.png,B116NAU
DataTrain190.png,AB6729NC
DataTrain191.png,B1245UVK
DataTrain192.png,AB2873WI
DataTrain193.png,B1813TYD
DataTrain194.png,B1063SJQ
DataTrain195.png,B1859ZEA
DataTrain196.png,B1157YO
DataTrain197.png,B1468TYU
DataTrain198.png,B1855SLD
DataTrain199.png,AA2658RN
DataTrain200.png,B1797TJS
DataTrain201.png,B1697SJO
DataTrain202.png,B1820TJV
DataTrain203.png,B1808TU
DataTrain204.png,B1245UVK
DataTrain205.png,B1184SSR
DataTrain206.png,AA4314HV
DataTrain207.png,B102HHB
DataTrain208.png,B1131EKG
DataTrain209.png,B1070QO
DataTrain210.png,AD6562RT
DataTrain211.png,B1946TKN
DataTrain212.png,AG9424UO
DataTrain213.png,B1343SKR
DataTrain214.png,B1157Y
DataTrain215.png,B1408NYW
DataTrain216.png,B1MAM
DataTrain217.png,B1899ERZ
DataTrain218.png,B1868LK
DataTrain219.png,B1574WKH
DataTrain220.png,B102HHB
DataTrain221.png,AA4280RL
DataTrain222.png,B116NAU
DataTrain223.png,B1167UM
DataTrain224.png,B1941SRE
DataTrain225.png,B1380RFJ
DataTrain226.png,AB2056IY
DataTrain227.png,B1050SJK
DataTrain228.png,B1152ZLQ
DataTrain229.png,B1641KOT
DataTrain230.png,B1352TRU
DataTrain231.png,B1897NKN
DataTrain232.png,B111HSN
DataTrain233.png,AD3340OJ
DataTrain234.png,B1330VD
DataTrain235.png,B1289QO
DataTrain236.png,AD99JR
DataTrain237.png,AD4746NW
DataTrain238.png,B1486TJJ
DataTrain239.png,B1545UJL
DataTrain240.png,B1487VD
DataTrain241.png,B1242VMC
DataTrain242.png,B1375TFG
DataTrain243.png,B1598TMZ
DataTrain244.png,B1549RFS
DataTrain245.png,B1460TIO
DataTrain246.png,A1818FS
DataTrain247.png,B1151TMO
DataTrain248.png,B1702ERJ
DataTrain249.png,AB6923UE
DataTrain250.png,B187EDA
DataTrain251.png,B1102SIV
DataTrain252.png,A9583B
DataTrain253.png,B1125VY
DataTrain254.png,AD418U
DataTrain255.png,B1309SRU
DataTrain256.png,B1265FFK
DataTrain257.png,A9585B
DataTrain258.png,A317
DataTrain259.png,AB6041DH
DataTrain260.png,A7692KC
DataTrain261.png,B1345QO
DataTrain262.png,B1772TOZ
DataTrain263.png,AA4545DJ
DataTrain264.png,B1311UVL
DataTrain265.png,B1260UL
DataTrain266.png,B1260TZT
DataTrain267.png,B1089VD
DataTrain268.png,B1505NJW
DataTrain269.png,B1781TJW
DataTrain270.png,B1040UN
DataTrain271.png,B1925KEP
DataTrain272.png,AA1248MB
DataTrain273.png,B1617QZ
DataTrain274.png,B1542TJT
DataTrain275.png,B1898STA
DataTrain276.png,B1340UL
DataTrain277.png,B1588EKZ
DataTrain278.png,B1819UL
DataTrain279.png,B0120KXT
DataTrain280.png,B1015SJW
DataTrain281.png,B1012DFM
DataTrain282.png,B1216TRD
DataTrain283.png,B1855EYB
DataTrain284.png,B1794PJG
DataTrain285.png,AB1288RE
DataTrain286.png,B1207TJW
DataTrain287.png,B1581BYB
DataTrain288.png,B1549RFS
DataTrain289.png,B1028QO
DataTrain290.png,B1135SGM
DataTrain291.png,B1765ERB
DataTrain292.png,B1203BF
DataTrain293.png,A1398BC
DataTrain294.png,B1314PVF
DataTrain295.png,B1583UN
DataTrain296.png,B1490ZFV
DataTrain297.png,B1340QO
DataTrain298.png,B116NAU
DataTrain299.png,B1598QH
DataTrain300.png,AB8644PK
DataTrain301.png,B1123UL
DataTrain302.png,AD5423AID
DataTrain303.png,B11VAN
DataTrain304.png,A8014VA
DataTrain305.png,B090VD
DataTrain306.png,B1392RFW
DataTrain307.png,AB1352TQ
DataTrain308.png,B1468TYU
DataTrain309.png,B1820UL
DataTrain310.png,AG1136LN
DataTrain311.png,B1840TJK
DataTrain312.png,B1908F
DataTrain313.png,A8014VA
DataTrain314.png,B1682PJN
DataTrain315.png,B1358VLP
DataTrain316.png,B1051SMK
DataTrain317.png,B1258PFL
DataTrain318.png,B1032PJE
DataTrain319.png,B1158FCR
DataTrain320.png,B124SAA
DataTrain321.png,B1198TJS
DataTrain322.png,B1210DFO
DataTrain323.png,A7692KC
DataTrain324.png,B1183TOL
DataTrain325.png,AG8157U
DataTrain326.png,B1032NJH
DataTrain327.png,B1254TFX
DataTrain328.png,B1451UN
DataTrain329.png,AB1280TT
DataTrain330.png,B1661TKZ
DataTrain331.png,A9590B
DataTrain332.png,B1495QO
DataTrain333.png,B1642SZL
DataTrain334.png,B1349TLR
DataTrain335.png,B1652UN
DataTrain336.png,B1280QO
DataTrain337.png,B1029GKI
DataTrain338.png,B1339UJP
DataTrain339.png,B1713MT
DataTrain340.png,B1242VMC
DataTrain341.png,B1913TIS
DataTrain342.png,B1887KRS
DataTrain343.png,B1058WYD
DataTrain344.png,B1040UN
DataTrain345.png,AA1248MB
DataTrain346.png,B1707RFS
DataTrain347.png,B1673UZG
DataTrain348.png,B1654RFS
DataTrain349.png,B1868LK
DataTrain350.png,B1110WW
DataTrain351.png,B1063SJQ
DataTrain352.png,B1093FIB
DataTrain353.png,AB1449KB
DataTrain354.png,B1930TKI
DataTrain355.png,AG1855VX
DataTrain356.png,B1642SZL
DataTrain357.png,B1571SMD
DataTrain358.png,B1089VD
DataTrain359.png,B1MAM
DataTrain360.png,B1487VD
DataTrain361.png,B19EDY
DataTrain362.png,AD1164HU
DataTrain363.png,B090VD
DataTrain364.png,B1593TZH
DataTrain365.png,B1921UJQ
DataTrain366.png,B1073QO
DataTrain367.png,B1713
DataTrain368.png,AG4134XR
DataTrain369.png,B1439TJY
DataTrain370.png,AA4792SN
DataTrain371.png,B1213NVK
DataTrain372.png,B1770TKL
DataTrain373.png,B1969SJD
DataTrain374.png,B1412RFJ
DataTrain375.png,AB6401RI
DataTrain376.png,B1458TBD
DataTrain377.png,B1652UN
DataTrain378.png,B1732SMJ
DataTrain379.png,A6973MS
DataTrain380.png,B1046HI
DataTrain381.png,B1453ZKB
DataTrain382.png,B1562PI
DataTrain383.png,A8912VX
DataTrain384.png,B1482FRS
DataTrain385.png,B1825KJN
DataTrain386.png,B1743FYP
DataTrain387.png,B1741TJT
DataTrain388.png,B1089VD
DataTrain389.png,B1169SJE
DataTrain390.png,B188PMJ
DataTrain391.png,B1633BW
DataTrain392.png,AG5140VAA
DataTrain393.png,AD418U
DataTrain394.png,B1484QH
DataTrain395.png,AE9562NJ
DataTrain396.png,B1563UL
DataTrain397.png,AB5537QJ
DataTrain398.png,B1834KMQ
DataTrain399.png,AE7296XA
DataTrain400.png,B1259JUE
DataTrain401.png,B1586WFJ
DataTrain402.png,B1528DR
DataTrain403.png,B1470TLQ
DataTrain404.png,B1112GJ
DataTrain405.png,B1855EYB
DataTrain406.png,B1439TJY
DataTrain407.png,B1873YU
DataTrain408.png,B1736UZX
DataTrain409.png,B1166UUA
DataTrain410.png,B1912RFS
DataTrain411.png,B1063SJQ
DataTrain412.png,B1032PJE
DataTrain413.png,AE7023UP
DataTrain414.png,B1378TYD
DataTrain415.png,B1076Y
DataTrain416.png,B17QO
DataTrain417.png,B1389TJT
DataTrain418.png,B1282TJB
DataTrain419.png,B1970NO
DataTrain420.png,B1774TIT
DataTrain421.png,B1MAM
DataTrain422.png,B1388FOC
DataTrain423.png,B1921TJW
DataTrain424.png,A1565DT
DataTrain425.png,B1755KZI
DataTrain426.png,B1159PQB
DataTrain427.png,AD8746OF
DataTrain428.png,B1752FZI
DataTrain429.png,AB6758ZY
DataTrain430.png,B1276RKA
DataTrain431.png,B1184TJD
DataTrain432.png,AB5915KJ
DataTrain433.png,A9583B
DataTrain434.png,B1634TZJ
DataTrain435.png,B1493QO
DataTrain436.png,B123MBM
DataTrain437.png,B1499UL
DataTrain438.png,B1753UJQ
DataTrain439.png,AD1164HU
DataTrain440.png,B1122HL
DataTrain441.png,AB6620NZ
DataTrain442.png,B1276PVE
DataTrain443.png,B1276TJH
DataTrain444.png,B1794TZF
DataTrain445.png,B1642SZL
DataTrain446.png,B1826UOI
DataTrain447.png,AG7078UI
DataTrain448.png,B1754NYJ
DataTrain449.png,B1855SL0
DataTrain450.png,B1191PJT
DataTrain451.png,B1819UL
DataTrain452.png,B1226TZY
DataTrain453.png,AB2314XY
DataTrain454.png,B1652UN
DataTrain455.png,B1819U
DataTrain456.png,AD8594TU
DataTrain457.png,B19EDY
DataTrain458.png,B128000
DataTrain459.png,B1423KZR
DataTrain460.png,B1684BJN
DataTrain461.png,B1755KZI
DataTrain462.png,AB4331SJ
DataTrain463.png,AB2491TQ
DataTrain464.png,AG815U
DataTrain465.png,B1487
DataTrain466.png,AB2613WC
DataTrain467.png,AB5152KJ
DataTrain468.png,B1125OP
DataTrain469.png,B1920TJM
DataTrain470.png,AG5253PH
DataTrain471.png,B1398TJL
DataTrain472.png,B1057ERC
DataTrain473.png,B1433DVK
DataTrain474.png,B1494TYU
DataTrain475.png,B1953TJW
DataTrain476.png,B1869EOF
DataTrain477.png,AB5701ZJ
DataTrain478.png,B1091PJK
DataTrain479.png,B1830PJK
DataTrain480.png,B1916SJJ
DataTrain481.png,B1021UJB
DataTrain482.png,B1765ERB
DataTrain483.png,B1276RKA
DataTrain484.png,B1864BOM
DataTrain485.png,B1861QH
DataTrain486.png,B1220SOJ
DataTrain487.png,B9749TIS
DataTrain488.png,B1136NJH
DataTrain489.png,AA2950UG
DataTrain490.png,AD8626VD
DataTrain491.png,AD8820CB
DataTrain492.png,B1184SSR
DataTrain493.png,B1212WZ
DataTrain494.png,AB2636ZU
DataTrain495.png,B1717KI
DataTrain496.png,A8763AE
DataTrain497.png,B1961OA
DataTrain498.png,AB3576XY
DataTrain499.png,B1965RO
DataTrain500.png,AD8714QT
DataTrain501.png,B1770TIC
DataTrain502.png,B1977QZ
DataTrain503.png,AD4995CZ
DataTrain504.png,B1568VD
DataTrain505.png,B1732PJH
DataTrain506.png,B1754EZF
DataTrain507.png,B1523NYT
DataTrain508.png,AG956IKI
DataTrain509.png,B1425VOM
DataTrain510.png,B144NTA
DataTrain511.png,B1972RBP
DataTrain512.png,B1739TZI
DataTrain513.png,B13NST
DataTrain514.png,B1404GT
DataTrain515.png,B1231UIR
DataTrain516.png,B1114WZL
DataTrain517.png,AB3887NL
DataTrain518.png,B1969SJD
DataTrain519.png,B1064TFR
DataTrain520.png,B1926WYF
DataTrain521.png,B1980VD
DataTrain522.png,B1487
DataTrain523.png,B1340QO
DataTrain524.png,B1028QO
DataTrain525.png,A9590B
DataTrain526.png,B1946TKN
DataTrain527.png,B1047QO
DataTrain528.png,B1209TJY
DataTrain529.png,B1469TJJ
DataTrain530.png,AD8746OF
DataTrain531.png,B1830DFD
DataTrain532.png,AG7078UI
DataTrain533.png,AB3511OH
DataTrain534.png,B1863WW
DataTrain535.png,B1124SQ
DataTrain536.png,AA3509FN
DataTrain537.png,B1538ELS
DataTrain538.png,AA9080CK
DataTrain539.png,B1643TRO
DataTrain540.png,B1594ULP
DataTrain541.png,AB2154EA
DataTrain542.png,B1877TJV
DataTrain543.png,AB6066MF
DataTrain544.png,B1394SMH
DataTrain545.png,A8127J
DataTrain546.png,B1451UN
DataTrain547.png,B1160RFK
DataTrain548.png,B1225FIS
DataTrain549.png,B1196BKK
DataTrain550.png,AB1170UU
DataTrain551.png,B1248FZN
DataTrain552.png,B1855SLO
DataTrain553.png,B1047QO
DataTrain554.png,B1236QZ
DataTrain555.png,AB6050JB
DataTrain556.png,B1112SFO
DataTrain557.png,B1693EYM
DataTrain558.png,B1358VLP
DataTrain559.png,AB3287UI
DataTrain560.png,B1946VMF
DataTrain561.png,B1185NJA
DataTrain562.png,B1038TZC
DataTrain563.png,B1311UVL
DataTrain564.png,B1939FRA
DataTrain565.png,B1964VD
DataTrain566.png,B1169TJK
DataTrain567.png,B1509FMW
DataTrain568.png,B1157YU
DataTrain569.png,AD1124SD
DataTrain570.png,B1276TJH
DataTrain571.png,B188SIP
DataTrain572.png,AD9019IU
DataTrain573.png,AD2212BK
DataTrain574.png,AB2546LT
DataTrain575.png,B1073QO
DataTrain576.png,B1254TFX
DataTrain577.png,B184HMD
DataTrain578.png,B1278EJ
DataTrain579.png,AB1449DH
DataTrain580.png,B1340UL
DataTrain581.png,B1101KJO
DataTrain582.png,B1324EON
DataTrain583.png,B1763QT
DataTrain584.png,B1059RFS
DataTrain585.png,B1744UN
DataTrain586.png,AB6213QF
DataTrain587.png,B1112GJ
DataTrain588.png,B1776EVE
DataTrain589.png,AD8888KJ
DataTrain590.png,B1830PJK
DataTrain591.png,B1063SJQ
DataTrain592.png,AD9077PR
DataTrain593.png,B19EDY
DataTrain594.png,B1921UJQ
DataTrain595.png,AD8746OF
DataTrain596.png,B1632TJJ
DataTrain597.png,B1330VD
DataTrain598.png,B1545CL
DataTrain599.png,B1774TIT
DataTrain600.png,AA4792SN
DataTrain601.png,B130900
DataTrain602.png,B1229EYO
DataTrain603.png,AA4314HV
DataTrain604.png,B1937WJD
DataTrain605.png,B1033PQN
DataTrain606.png,A9529ZB
DataTrain607.png,AB2765LL
DataTrain608.png,B1691TMU
DataTrain609.png,B1390TMF
DataTrain610.png,AA510LE
DataTrain611.png,B1006UL
DataTrain612.png,B1786UJT
DataTrain613.png,AB5701ZJ
DataTrain614.png,B118GY
DataTrain615.png,B1819UL
DataTrain616.png,A7692KC
DataTrain617.png,B1946TKN
DataTrain618.png,B1439TJY
DataTrain619.png,B1592TJP
DataTrain620.png,B1289QO
DataTrain621.png,B1020SCZ
DataTrain622.png,B1439TJY
DataTrain623.png,AB6094XE
DataTrain624.png,B1160BH
DataTrain625.png,B1626KJM
DataTrain626.png,AB5410YQ
DataTrain627.png,AB7020RA
DataTrain628.png,B1509UN
DataTrain629.png,B1665WJD
DataTrain630.png,B1378EFZ
DataTrain631.png,B1980VD
DataTrain632.png,B1061PJT
DataTrain633.png,B1692EYC
DataTrain634.png,AD418U
DataTrain635.png,B1801TZS
DataTrain636.png,B1568VD
DataTrain637.png,B1430COI
DataTrain638.png,B1050VKK
DataTrain639.png,B1164EMZ
DataTrain640.png,B1470TLO
DataTrain641.png,B1547UIW
DataTrain642.png,B1879TFO
DataTrain643.png,B1802EOZ
DataTrain644.png,B1NTK
DataTrain645.png,B1980VD
DataTrain646.png,B1895WLT
DataTrain647.png,B1159TJF
DataTrain648.png,B1323NYX
DataTrain649.png,B1758KRX
DataTrain650.png,B1100SZO
DataTrain651.png,B1494BJK
DataTrain652.png,B1045WMU
DataTrain653.png,B1794PJG
DataTrain654.png,B1389TJT
DataTrain655.png,B1578SJL
DataTrain656.png,B1128BYT
DataTrain657.png,AB2613WC
DataTrain658.png,B1100SZD
DataTrain659.png,B1260UL
DataTrain660.png,B1074QO
DataTrain661.png,AD6118BFE
DataTrain662.png,B1080PED
DataTrain663.png,B1445TIF
DataTrain664.png,B1508EZE
DataTrain665.png,B1925SYG
DataTrain666.png,B1201QO
DataTrain667.png,AB8861FD
DataTrain668.png,B1073QO
DataTrain669.png,A5822BG
DataTrain670.png,B1578TJI
DataTrain671.png,B1253BAC
DataTrain672.png,B1713M
DataTrain673.png,B1031QO
DataTrain674.png,B1770TKL
DataTrain675.png,B1433UN
DataTrain676.png,B121PQO
DataTrain677.png,B1633BW
DataTrain678.png,AE7296XA
DataTrain679.png,B1672KVF
DataTrain680.png,B1815TJQ
DataTrain681.png,B1690ZKL
DataTrain682.png,B1252NZD
DataTrain683.png,B15MAH
DataTrain684.png,AB3351ZU
DataTrain685.png,B1560UN
DataTrain686.png,B1670TLR
DataTrain687.png,B1833TVG
DataTrain688.png,B1486RFS
DataTrain689.png,B1229EYO
DataTrain690.png,AB1195FX
DataTrain691.png,B1820UL
DataTrain692.png,AG8548EH
DataTrain693.png,B1102PZW
DataTrain694.png,B1682SJI
DataTrain695.png,AB4131ME
DataTrain696.png,B1963TFU
DataTrain697.png,A9529ZB
DataTrain698.png,B1058YEB
DataTrain699.png,B1658YU
DataTrain700.png,B1532NKY
DataTrain701.png,A7693KC
DataTrain702.png,B1408RX
DataTrain703.png,B1326TMS
DataTrain704.png,B1322BFD
DataTrain705.png,B1559UN
DataTrain706.png,B1339UL
DataTrain707.png,B1152ZLQ
DataTrain708.png,B1239TJP
DataTrain709.png,AB4150KE
DataTrain710.png,A9583B
DataTrain711.png,B1672KVF
DataTrain712.png,B1339RFD
DataTrain713.png,B1767TJR
DataTrain714.png,B178QO
DataTrain715.png,AB6019KK
DataTrain716.png,B1603BVK
DataTrain717.png,AD6259QQ
DataTrain718.png,B1817UL
DataTrain719.png,B1457TJI
DataTrain720.png,B1509POQ
DataTrain721.png,B1739TZI
DataTrain722.png,B1658KRF
DataTrain723.png,B1358VLP
DataTrain724.png,B1036EYB
DataTrain725.png,B017QO
DataTrain726.png,B1310EMS
DataTrain727.png,B1642TRW
DataTrain728.png,B1543VOS
DataTrain729.png,B1310SZL
DataTrain730.png,B1312SJO
DataTrain731.png,AD9112BZ
DataTrain732.png,B1047QO
DataTrain733.png,B1877TJV
DataTrain734.png,B1641VOR
DataTrain735.png,B1641KOT
DataTrain736.png,B1392TJV
DataTrain737.png,B1646EYO
DataTrain738.png,AB2231AT
DataTrain739.png,AD1558BN
DataTrain740.png,B1336PIZ
DataTrain741.png,B1860KQ
DataTrain742.png,B1690ZKL
DataTrain743.png,B1502UN
DataTrain744.png,B1757VKB
DataTrain745.png,B1038TZC
DataTrain746.png,B1614TJR
DataTrain747.png,AB6506CD
DataTrain748.png,AB6315SE
DataTrain749.png,B1278EJ
DataTrain750.png,AF1235FQ
DataTrain751.png,B1047QO
DataTrain752.png,B1977QZ
DataTrain753.png,B1481UJV
DataTrain754.png,B1076Y
DataTrain755.png,B1210DFO
DataTrain756.png,B1361TJS
DataTrain757.png,B1975FEA
DataTrain758.png,B1682PJN
DataTrain759.png,B1770TKL
DataTrain760.png,B13NST
DataTrain761.png,B1305UL
DataTrain762.png,AG5836RBV
DataTrain763.png,AD9077PR
DataTrain764.png,B1817UL
DataTrain765.png,B1502SYQ
DataTrain766.png,B1330NK
DataTrain767.png,B1877TJV
DataTrain768.png,B1738VFV
DataTrain769.png,AD9112BZ
DataTrain770.png,AB6018HU
DataTrain771.png,B1330NK
DataTrain772.png,B1719BYN
DataTrain773.png,AB1861XN
DataTrain774.png,A8014VA
DataTrain775.png,B1274BJB
DataTrain776.png,B1963TFU
DataTrain777.png,B1674TJK
DataTrain778.png,B1690BAC
DataTrain779.png,B1964VD
DataTrain780.png,B16BW
DataTrain781.png,A7703KC
DataTrain782.png,B1160RFK
DataTrain783.png,B1512NRN
DataTrain784.png,B1538ELS
DataTrain785.png,A1398BC
DataTrain786.png,B1559UN
DataTrain787.png,B1913TIS
DataTrain788.png,B1619UL
DataTrain789.png,AB1164PU
DataTrain790.png,AB1473RI
DataTrain791.png,B1802EOZ
DataTrain792.png,A8815VX
DataTrain793.png,B1187FJH
DataTrain794.png,AB1364AN
DataTrain795.png,B1269MA
DataTrain796.png,B1677EJC
DataTrain797.png,B1743VO
DataTrain798.png,AD1416YD
DataTrain799.png,AB5419TN
DataTrain800.png,AB6315SE
